state,county,cid,pop,land
AL,Autauga,01001,91,594
AL,Baldwin,01003,114,1590
AL,Barbour,01005,31,885
AL,Bibb,01007,36,623
AL,Blount,01009,88,645
AL,Bullock,01011,17,623
AL,Butler,01013,27,777
AL,Calhoun,01015,195,606
AL,Chambers,01017,57,597
AL,Cherokee,01019,46,554
AL,Chilton,01021,63,693
AL,Choctaw,01023,15,914
AL,Clarke,01025,20,1238
AL,Clay,01027,23,604
AL,Cleburne,01029,26,560
AL,Coffee,01031,73,679
AL,Colbert,01033,91,593
AL,Conecuh,01035,15,850
AL,Coosa,01037,17,651
AL,Covington,01039,36,1030
AL,Crenshaw,01041,22,609
AL,Cullman,01043,109,735
AL,Dale,01045,89,561
AL,Dallas,01047,44,979
AL,DeKalb,01049,91,777
AL,Elmore,01051,128,618
AL,Escambia,01053,40,945
AL,Etowah,01055,195,535
AL,Fayette,01057,27,628
AL,Franklin,01059,50,634
AL,Geneva,01061,46,574
AL,Greene,01063,14,647
AL,Hale,01065,24,644
AL,Henry,01067,30,562
AL,Houston,01069,175,580
AL,Jackson,01071,49,1078
AL,Jefferson,01073,592,1111
AL,Lamar,01075,24,605
AL,Lauderdale,01077,138,668
AL,Lawrence,01079,49,691
AL,Lee,01081,230,608
AL,Limestone,01083,147,560
AL,Lowndes,01085,15,716
AL,Macon,01087,35,609
AL,Madison,01089,417,802
AL,Marengo,01091,21,977
AL,Marion,01093,41,742
AL,Marshall,01095,164,566
AL,Mobile,01097,335,1229
AL,Monroe,01099,22,1026
AL,Montgomery,01101,292,784
AL,Morgan,01103,206,579
AL,Perry,01105,14,720
AL,Pickens,01107,22,881
AL,Pike,01109,48,672
AL,Randolph,01111,39,581
AL,Russell,01113,82,641
AL,St. Clair,01115,132,632
AL,Shelby,01117,248,785
AL,Sumter,01119,15,904
AL,Talladega,01121,111,737
AL,Tallapoosa,01123,58,717
AL,Tuscaloosa,01125,147,1322
AL,Walker,01127,84,791
AL,Washington,01129,16,1080
AL,Wilcox,01131,13,889
AL,Winston,01133,39,613
AK,"Aleutians East Borough, Alaska",02013,0,6982
AK,"Aleutians West Census Area, Alaska",02016,1,4390
AK,"Anchorage Municipality, Alaska (County)",02020,171,1705
AK,"Bethel Census Area, Alaska",02050,0,40570
AK,"Bristol Bay Borough, Alaska",02060,2,504
AK,"Denali Borough, Alaska",02068,0,12751
AK,"Dillingham Census Area, Alaska",02070,0,18569
AK,"Fairbanks North Star Borough, Alaska",02090,13,7338
AK,"Haines Borough, Alaska",02100,1,2319
AK,"Hoonah-Angoon Census Area, Alaska",02105,0,7525
AK,"Juneau City and Borough, Alaska (County)",02110,11,2702
AK,"Kenai Peninsula Borough, Alaska",02122,3,16075
AK,"Ketchikan Gateway Borough, Alaska",02130,2,4858
AK,"Kodiak Island Borough, Alaska",02150,2,6550
AK,"Kusilvak Census Area, Alaska",02158,0,17081
AK,"Lake and Peninsula Borough, Alaska",02164,0,23652
AK,"Matanuska-Susitna Borough, Alaska",02170,3,24608
AK,"Nome Census Area, Alaska",02180,0,22962
AK,"North Slope Borough, Alaska",02185,0,88695
AK,"Northwest Arctic Borough, Alaska",02188,0,35573
AK,"Petersburg Borough, Alaska",02195,1,3282
AK,"Prince of Wales-Hyder Census Area, Alaska",02198,1,3923
AK,"Sitka City and Borough, Alaska (County)",02220,3,2870
AK,"Skagway Municipality, Alaska",02230,2,452
AK,"Southeast Fairbanks Census Area, Alaska",02240,0,24769
AK,"Valdez-Cordova Census Area, Alaska",02261,0,34240
AK,"Wrangell City and Borough, Alaska",02275,0,2541
AK,"Yakutat City and Borough, Alaska",02282,0,7649
AZ,Apache,04001,6.4,11198
AZ,Cochise,04003,21.3,6166
AZ,Coconino,04005,7.2,18619
AZ,Gila,04007,11.3,4758
AZ,Graham,04009,8.1,4623
AZ,Greenlee,04011,4.6,1843
AZ,La Paz,04012,4.6,4500
AZ,Maricopa,04013,414.9,9200
AZ,Mohave,04015,15,13311
AZ,Navajo,04017,10.8,9950
AZ,Pima,04019,106.7,9187
AZ,Pinal,04021,70,5366
AZ,Santa Cruz,04023,38.3,1237
AZ,Yavapai,04025,26,8124
AZ,Yuma,04027,35.5,5514
AR,Arkansas,05001,19.2,989
AR,Ashley,05003,23.6,925
AR,Baxter,05005,74.9,554
AR,Benton,05007,261.2,847
AR,Boone,05009,62.5,590
AR,Bradley,05011,17.7,649
AR,Calhoun,05013,8.5,629
AR,Carroll,05015,43.6,630
AR,Chicot,05017,18.3,644
AR,Clark,05019,26.6,866
AR,Clay,05021,25.2,639
AR,Cleburne,05023,46.9,554
AR,Cleveland,05025,14.5,598
AR,Columbia,05027,32.1,766
AR,Conway,05029,38.5,552
AR,Craighead,05031,136.4,707
AR,Crawford,05033,104.4,593
AR,Crittenden,05035,83.5,610
AR,Cross,05037,29,616
AR,Dallas,05039,12.2,667
AR,Desha,05041,16.9,768
AR,Drew,05043,22.3,828
AR,Faulkner,05045,174.8,648
AR,Franklin,05047,29.8,609
AR,Fulton,05049,19.8,618
AR,Garland,05051,141.7,678
AR,Grant,05053,28.3,632
AR,Greene,05055,72.9,578
AR,Hempstead,05057,31.1,728
AR,Hot Spring,05059,53.5,615
AR,Howard,05061,23.4,589
AR,Independence,05063,48,764
AR,Izard,05065,23.6,581
AR,Jackson,05067,28.4,634
AR,Jefferson,05069,88.9,871
AR,Johnson,05071,38.7,660
AR,Lafayette,05073,14.5,528
AR,Lawrence,05075,29.6,588
AR,Lee,05077,17.3,603
AR,Lincoln,05079,25.2,562
AR,Little River,05081,24.7,532
AR,Logan,05083,31.6,708
AR,Lonoke,05085,88.7,771
AR,Madison,05087,18.8,834
AR,Marion,05089,27.9,597
AR,Miller,05091,69.5,626
AR,Mississippi,05093,51.6,901
AR,Monroe,05095,13.4,607
AR,Montgomery,05097,12.2,780
AR,Nevada,05099,14.6,618
AR,Newton,05101,10.1,821
AR,Ouachita,05103,35.6,733
AR,Perry,05105,18.9,551
AR,Phillips,05107,31.3,696
AR,Pike,05109,18.8,601
AR,Poinsett,05111,32.4,758
AR,Polk,05113,24.1,858
AR,Pope,05115,76,813
AR,Prairie,05117,13.4,648
AR,Pulaski,05119,503.8,760
AR,Randolph,05121,27.6,652
AR,St. Francis,05123,44.5,635
AR,Saline,05125,148,724
AR,Scott,05127,12.6,892
AR,Searcy,05129,12.3,666
AR,Sebastian,05131,236.4,532
AR,Sevier,05133,30.2,565
AR,Sharp,05135,28.6,604
AR,Stone,05137,20.4,606
AR,Union,05139,40.1,1039
AR,Van Buren,05141,24.4,708
AR,Washington,05143,215.6,942
AR,White,05145,74.5,1035
AR,Woodruff,05147,12.4,587
AR,Yell,05149,23.9,930
CA,Alameda,06001,2043.6,739
CA,Alpine,06003,1.6,738
CA,Amador,06005,64.1,595
CA,Butte,06007,134.4,1636
CA,Calaveras,06009,44.7,1020
CA,Colusa,06011,18.6,1151
CA,Contra Costa,06013,1465.2,716
CA,Del Norte,06015,28.4,1006
CA,El Dorado,06017,106,1708
CA,Fresno,06019,156.2,5958
CA,Glenn,06021,21.4,1314
CA,Humboldt,06023,37.7,3568
CA,Imperial,06025,41.8,4177
CA,Inyo,06027,1.8,10181
CA,Kern,06029,103.3,8132
CA,Kings,06031,110.1,1389
CA,Lake,06033,51.5,1256
CA,Lassen,06035,7.7,4541
CA,Los Angeles,06037,2419.6,4058
CA,Madera,06039,70.6,2137
CA,Marin,06041,485.1,520
CA,Mariposa,06043,12.6,1449
CA,Mendocino,06045,25.1,3506
CA,Merced,06047,132.2,1935
CA,Modoc,06049,2.5,3918
CA,Mono,06051,4.7,3049
CA,Monterey,06053,126.5,3281
CA,Napa,06055,182.4,748
CA,Nevada,06057,103.1,958
CA,Orange,06059,3807.7,791
CA,Placer,06061,247.6,1407
CA,Plumas,06063,7.8,2553
CA,Riverside,06065,303.8,7206
CA,Sacramento,06067,1470.8,965
CA,San Benito,06069,39.8,1389
CA,San Bernardino,06071,101.5,20057
CA,San Diego,06073,735.8,4207
CA,San Francisco,06075,17179.1,47
CA,San Joaquin,06077,492.6,1391
CA,San Luis Obispo,06079,81.7,3299
CA,San Mateo,06081,1602.2,448
CA,Santa Barbara,06083,155,2735
CA,Santa Clara,06085,1381,1290
CA,Santa Cruz,06087,589.4,445
CA,Shasta,06089,46.9,3775
CA,Sierra,06091,3.4,953
CA,Siskiyou,06093,7.2,6278
CA,Solano,06095,503,822
CA,Sonoma,06097,307.1,1576
CA,Stanislaus,06099,344.2,1495
CA,Sutter,06101,157.3,602
CA,Tehama,06103,21.5,2950
CA,Trinity,06105,4.3,3179
CA,Tulare,06107,91.7,4824
CA,Tuolumne,06109,24.9,2221
CA,Ventura,06111,446.7,1843
CA,Yolo,06113,197.9,1015
CA,Yuba,06115,114.2,632
CO,Adams,08001,378.2,1168
CO,Alamosa,08003,21.4,723
CO,Arapahoe,08005,716.7,798
CO,Archuleta,08007,8.9,1350
CO,Baca,08009,1.5,2555
CO,Bent,08011,4.3,1513
CO,Boulder,08013,405.6,726
CO,Broomfield,08014,1691.9,33
CO,Chaffee,08015,17.6,1013
CO,Cheyenne,08017,1,1778
CO,Clear Creek,08019,23,395
CO,Conejos,08021,6.4,1287
CO,Costilla,08023,2.9,1227
CO,Crowley,08025,7.4,787
CO,Custer,08027,5.8,739
CO,Delta,08029,27.1,1142
CO,Denver,08031,3922.6,153
CO,Dolores,08033,1.9,1067
CO,Douglas,08035,339.7,840
CO,Eagle,08037,31,1685
CO,Elbert,08039,12.5,1851
CO,El Paso,08041,292.6,2127
CO,Fremont,08043,30.5,1533
CO,Garfield,08045,19.1,2948
CO,Gilpin,08047,36.3,150
CO,Grand,08049,8,1846
CO,Gunnison,08051,4.7,3239
CO,Hinsdale,08053,0.8,1117
CO,Huerfano,08055,4.2,1591
CO,Jackson,08057,0.9,1614
CO,Jefferson,08059,699.5,764
CO,Kiowa,08061,0.8,1768
CO,Kit Carson,08063,3.8,2161
CO,Lake,08065,19.4,377
CO,La Plata,08067,30.3,1692
CO,Larimer,08069,115.4,2596
CO,Las Animas,08071,3.2,4773
CO,Lincoln,08073,2.1,2578
CO,Logan,08075,12.4,1839
CO,Mesa,08077,44.1,3329
CO,Mineral,08079,0.8,876
CO,Moffat,08081,2.9,4743
CO,Montezuma,08083,12.6,2030
CO,Montrose,08085,18.4,2241
CO,Morgan,08087,22,1280
CO,Otero,08089,14.9,1262
CO,Ouray,08091,8.2,542
CO,Park,08093,7.4,2194
CO,Phillips,08095,6.5,688
CO,Pitkin,08097,17.7,971
CO,Prowers,08099,7.7,1638
CO,Pueblo,08101,66.7,2386
CO,Rio Blanco,08103,2.1,3221
CO,Rio Grande,08105,13.1,912
CO,Routt,08107,10,2362
CO,Saguache,08109,1.9,3169
CO,San Juan,08111,1.8,387
CO,San Miguel,08113,5.7,1287
CO,Sedgwick,08115,4.3,548
CO,Summit,08117,46,608
CO,Teller,08119,41.9,557
CO,Washington,08121,1.9,2518
CO,Weld,08123,63.4,3987
CO,Yuma,08125,4.2,2364
CT,Fairfield,09001,1467.2,625
CT,Hartford,09003,1216.2,735
CT,Litchfield,09005,206.3,921
CT,Middlesex,09007,448.6,369
CT,New Haven,09009,1426.7,605
CT,New London,09011,412.2,665
CT,Tolland,09013,372.2,410
CT,Windham,09015,230.9,513
DE,Kent,10001,276.9,586
DE,New Castle,10003,1263.2,426
DE,Sussex,10005,210.6,936
DC,"District of Columbia, District of Columbia",11001,9856.6,61
FL,Alachua,12001,282.7,875
FL,Baker,12003,46.3,585
FL,Bay,12005,222.6,758
FL,Bradford,12007,97,294
FL,Brevard,12009,535,1016
FL,Broward,12011,1444.9,1210
FL,Calhoun,12013,25.8,567
FL,Charlotte,12015,235.2,680
FL,Citrus,12017,242.8,582
FL,Clay,12019,315.8,604
FL,Collier,12021,160.9,1998
FL,Columbia,12023,84.7,798
FL,DeSoto,12027,54.7,637
FL,Dixie,12029,23.3,705
FL,Duval,12031,1133.9,762
FL,Escambia,12033,453.4,656
FL,Flagler,12035,197.1,485
FL,Franklin,12037,21.6,535
FL,Gadsden,12039,89.8,516
FL,Gilchrist,12041,48.4,350
FL,Glades,12043,16,806
FL,Gulf,12045,28.1,564
FL,Hamilton,12047,28.8,514
FL,Hardee,12049,43.5,638
FL,Hendry,12051,34,1153
FL,Hernando,12053,365.6,473
FL,Highlands,12055,97.2,1017
FL,Hillsborough,12057,1204.9,1020
FL,Holmes,12059,41.6,479
FL,Indian River,12061,274.5,503
FL,Jackson,12063,54.2,918
FL,Jefferson,12065,24.7,598
FL,Lafayette,12067,16.3,543
FL,Lake,12069,316.6,938
FL,Lee,12071,788.7,785
FL,Leon,12073,413.1,667
FL,Levy,12075,36.5,1118
FL,Liberty,12077,10,836
FL,Madison,12079,27.6,696
FL,Manatee,12081,434.5,743
FL,Marion,12083,209.1,1585
FL,Martin,12085,269.2,543
FL,Miami-Dade,12086,1315.5,1898
FL,Monroe,12087,74.3,983
FL,Nassau,12089,113,649
FL,Okaloosa,12091,194.4,930
FL,Okeechobee,12093,52,769
FL,Orange,12095,1268.5,903
FL,Osceola,12097,202.4,1327
FL,Palm Beach,12099,670.2,1970
FL,Pasco,12101,622.2,747
FL,Pinellas,12103,3347.5,274
FL,Polk,12105,334.9,1798
FL,Putnam,12107,102.2,728
FL,St. Johns,12109,316.4,601
FL,St. Lucie,12111,485.7,572
FL,Santa Rosa,12113,149.6,1012
FL,Sarasota,12115,682.6,556
FL,Seminole,12117,1367,309
FL,Sumter,12119,170.8,547
FL,Suwannee,12121,60.3,689
FL,Taylor,12123,21.6,1043
FL,Union,12125,63.8,244
FL,Volusia,12127,449.2,1101
FL,Wakulla,12129,50.8,606
FL,Walton,12131,53,1038
FL,Washington,12133,42.7,583
GA,Appling,13001,36,507
GA,Atkinson,13003,24.7,339
GA,Bacon,13005,42.9,259
GA,Baker,13007,10.1,342
GA,Baldwin,13009,177.3,258
GA,Banks,13011,79.3,232
GA,Barrow,13013,432.7,160
GA,Bartow,13015,217.9,460
GA,Ben Hill,13017,70.5,250
GA,Berrien,13019,42.7,452
GA,Bibb,13021,622.8,250
GA,Bleckley,13023,60.5,216
GA,Brantley,13025,41.6,442
GA,Brooks,13027,32.9,493
GA,Bryan,13029,69.3,436
GA,Bulloch,13031,104.4,673
GA,Burke,13033,28.2,827
GA,Butts,13035,128.3,184
GA,Calhoun,13037,23.9,280
GA,Camden,13039,82.4,613
GA,Candler,13043,45.3,243
GA,Carroll,13045,221.5,499
GA,Catoosa,13047,394.3,162
GA,Charlton,13049,15.7,774
GA,Chatham,13051,621.7,426
GA,Chattahoochee,13053,45.3,249
GA,Chattooga,13055,83,313
GA,Cherokee,13057,508.3,422
GA,Clarke,13059,979.1,119
GA,Clay,13061,16.3,195
GA,Clayton,13063,1832.5,142
GA,Clinch,13065,8.5,800
GA,Cobb,13067,2026.4,340
GA,Coffee,13069,73.7,575
GA,Colquitt,13071,83.6,544
GA,Columbia,13073,427.6,290
GA,Cook,13075,75.8,227
GA,Coweta,13077,288.8,441
GA,Crawford,13079,38.9,325
GA,Crisp,13081,86,273
GA,Dade,13083,95.6,174
GA,Dawson,13085,105.9,211
GA,Decatur,13087,46.6,597
GA,DeKalb,13089,2585.7,268
GA,Dodge,13091,44,496
GA,Dooly,13093,38.1,392
GA,Dougherty,13095,287.7,329
GA,Douglas,13097,661.8,200
GA,Early,13099,21.5,513
GA,Echols,13101,9.7,415
GA,Effingham,13103,109.4,478
GA,Elbert,13105,57.4,351
GA,Emanuel,13107,33.2,681
GA,Evans,13109,60.2,183
GA,Fannin,13111,61.2,387
GA,Fayette,13113,548.3,194
GA,Floyd,13115,188.9,510
GA,Forsyth,13117,783.5,224
GA,Franklin,13119,84.5,262
GA,Fulton,13121,1748,527
GA,Gilmer,13123,66.3,427
GA,Glascock,13125,21.4,144
GA,Glynn,13127,189.7,420
GA,Gordon,13129,155.1,356
GA,Grady,13131,55,455
GA,Greene,13133,41.3,387
GA,Gwinnett,13135,1871.2,430
GA,Habersham,13137,155.5,277
GA,Hall,13139,457.5,393
GA,Hancock,13141,20,472
GA,Haralson,13143,102,282
GA,Harris,13145,69,464
GA,Hart,13147,108.5,232
GA,Heard,13149,40,296
GA,Henry,13151,633,322
GA,Houston,13153,372.5,376
GA,Irwin,13155,26.9,354
GA,Jackson,13157,178.1,340
GA,Jasper,13159,37.8,368
GA,Jeff Davis,13161,45.6,331
GA,Jefferson,13163,32.2,526
GA,Jenkins,13165,24,347
GA,Johnson,13167,32.9,303
GA,Jones,13169,72.8,394
GA,Lamar,13171,99.8,184
GA,Lanier,13173,54.4,185
GA,Laurens,13175,60,807
GA,Lee,13177,79.5,356
GA,Liberty,13179,129.5,490
GA,Lincoln,13181,38,210
GA,Long,13183,36.1,400
GA,Lowndes,13185,220.2,496
GA,Lumpkin,13187,105.9,283
GA,McDuffie,13189,85,257
GA,McIntosh,13191,33.8,424
GA,Macon,13193,36.8,401
GA,Madison,13195,99.6,282
GA,Marion,13197,23.9,366
GA,Meriwether,13199,43.9,501
GA,Miller,13201,21.7,282
GA,Mitchell,13205,45.9,512
GA,Monroe,13207,66.8,396
GA,Montgomery,13209,38.1,240
GA,Morgan,13211,51.4,347
GA,Murray,13213,115,344
GA,Muscogee,13215,877.5,216
GA,Newton,13217,367.3,272
GA,Oconee,13219,178,184
GA,Oglethorpe,13221,33.9,439
GA,Paulding,13223,455.8,312
GA,Peach,13225,184.3,150
GA,Pickens,13227,126.8,232
GA,Pierce,13229,59.3,316
GA,Pike,13231,82.7,216
GA,Polk,13233,133.6,310
GA,Pulaski,13235,48.2,249
GA,Putnam,13237,61.6,345
GA,Quitman,13239,16.6,151
GA,Rabun,13241,44,370
GA,Randolph,13243,18,428
GA,Richmond,13245,618.4,324
GA,Rockdale,13247,656.5,130
GA,Schley,13249,30,167
GA,Screven,13251,22.6,645
GA,Seminole,13253,37.1,235
GA,Spalding,13255,326.1,196
GA,Stephens,13257,146.1,179
GA,Stewart,13259,13.2,459
GA,Sumter,13261,68,483
GA,Talbot,13263,17.5,391
GA,Taliaferro,13265,8.8,195
GA,Tattnall,13267,53.2,479
GA,Taylor,13269,23.6,377
GA,Telfair,13271,37.7,437
GA,Terrell,13273,27.8,335
GA,Thomas,13275,82.1,545
GA,Tift,13277,154.9,259
GA,Toombs,13279,74.8,364
GA,Towns,13281,62.9,167
GA,Treutlen,13283,34.5,199
GA,Troup,13285,161.9,414
GA,Turner,13287,31.3,285
GA,Twiggs,13289,25.2,358
GA,Union,13291,66.3,322
GA,Upson,13293,84,323
GA,Walker,13295,154,446
GA,Walton,13297,257.2,326
GA,Ware,13299,40.7,892
GA,Warren,13301,20.5,284
GA,Washington,13303,31.2,678
GA,Wayne,13305,46.9,642
GA,Webster,13307,13.4,209
GA,Wheeler,13309,25.1,295
GA,White,13311,112.8,241
GA,Whitfield,13313,353.2,290
GA,Wilcox,13315,24.5,378
GA,Wilkes,13317,22.6,469
GA,Wilkinson,13319,21.4,447
GA,Worth,13321,38,571
HI,Hawaii,15001,45.9,4028
HI,Honolulu,15003,1586.7,601
HI,Kalawao,15005,7.5,12
HI,Kauai,15007,108.2,620
HI,Maui,15009,133.3,1162
ID,Ada,16001,372.8,1053
ID,Adams,16003,2.9,1363
ID,Bannock,16005,74.5,1112
ID,Bear Lake,16007,6.1,975
ID,Benewah,16009,12,777
ID,Bingham,16011,21.8,2094
ID,Blaine,16013,8.1,2644
ID,Boise,16015,3.7,1899
ID,Bonner,16017,23.6,1735
ID,Bonneville,16019,55.9,1866
ID,Boundary,16021,8.6,1269
ID,Butte,16023,1.3,2232
ID,Camas,16025,1,1074
ID,Canyon,16027,321.6,587
ID,Caribou,16029,3.9,1764
ID,Cassia,16031,8.9,2565
ID,Clark,16033,0.6,1764
ID,Clearwater,16035,3.6,2457
ID,Custer,16037,0.9,4921
ID,Elmore,16039,8.8,3075
ID,Franklin,16041,19.3,664
ID,Fremont,16043,7.1,1864
ID,Gem,16045,29.8,561
ID,Gooding,16047,21.2,729
ID,Idaho,16049,1.9,8477
ID,Jefferson,16051,23.9,1094
ID,Jerome,16053,37.5,597
ID,Kootenai,16055,111.3,1244
ID,Latah,16057,34.6,1076
ID,Lemhi,16059,1.7,4563
ID,Lewis,16061,8,479
ID,Lincoln,16063,4.3,1201
ID,Madison,16065,80,469
ID,Minidoka,16067,26.5,758
ID,Nez Perce,16069,46.3,848
ID,Oneida,16071,3.6,1200
ID,Owyhee,16073,1.5,7666
ID,Payette,16075,55.6,407
ID,Power,16077,5.6,1404
ID,Shoshone,16079,4.9,2630
ID,Teton,16081,22.6,449
ID,Twin Falls,16083,40.2,1921
ID,Valley,16085,2.7,3665
ID,Washington,16087,7,1453
IL,Adams,17001,78.5,855
IL,Alexander,17003,35,236
IL,Bond,17005,46.7,380
IL,Boone,17007,193,281
IL,Brown,17009,22.7,306
IL,Bureau,17011,40.2,869
IL,Calhoun,17013,20,254
IL,Carroll,17015,34.6,445
IL,Cass,17017,36.3,376
IL,Champaign,17019,201.8,996
IL,Christian,17021,49.1,709
IL,Clark,17023,32.6,501
IL,Clay,17025,29.5,468
IL,Clinton,17027,79.7,474
IL,Coles,17029,106,508
IL,Cook,17031,5495.1,945
IL,Crawford,17033,44.7,444
IL,Cumberland,17035,31.9,346
IL,DeKalb,17037,166.6,631
IL,De Witt,17039,41.7,398
IL,Douglas,17041,48,417
IL,DuPage,17043,2799.8,328
IL,Edgar,17045,29.8,623
IL,Edwards,17047,30.2,222
IL,Effingham,17049,71.5,479
IL,Fayette,17051,30.9,716
IL,Ford,17053,29,486
IL,Franklin,17055,96.8,409
IL,Fulton,17057,42.8,866
IL,Gallatin,17059,17.3,323
IL,Greene,17061,25.6,543
IL,Grundy,17063,119.8,418
IL,Hamilton,17065,19.5,435
IL,Hancock,17067,24.1,794
IL,Hardin,17069,24.3,178
IL,Henderson,17071,19.3,379
IL,Henry,17073,61.3,823
IL,Iroquois,17075,26.6,1117
IL,Jackson,17077,103.1,584
IL,Jasper,17079,19.6,495
IL,Jefferson,17081,68,571
IL,Jersey,17083,62.2,369
IL,Jo Daviess,17085,37.7,601
IL,Johnson,17087,36.6,344
IL,Kane,17089,990.8,520
IL,Kankakee,17091,167.7,677
IL,Kendall,17093,358.2,320
IL,Knox,17095,73.9,716
IL,Lake,17097,1585.6,444
IL,LaSalle,17099,100.4,1135
IL,Lawrence,17101,45.2,372
IL,Lee,17103,49.7,725
IL,Livingston,17105,37.3,1044
IL,Logan,17107,49,618
IL,McDonough,17109,55.3,589
IL,McHenry,17111,511.9,603
IL,McLean,17113,143.3,1183
IL,Macon,17115,190.8,581
IL,Macoupin,17117,55.4,863
IL,Madison,17119,376.3,716
IL,Marion,17121,68.9,572
IL,Marshall,17123,32.7,387
IL,Mason,17125,27.2,539
IL,Massac,17127,65,237
IL,Menard,17129,40.4,314
IL,Mercer,17131,29.3,561
IL,Monroe,17133,85.6,385
IL,Montgomery,17135,42.8,704
IL,Morgan,17137,62.5,569
IL,Moultrie,17139,44.2,336
IL,Ogle,17141,70.5,759
IL,Peoria,17143,301.2,619
IL,Perry,17145,50.6,442
IL,Piatt,17147,38.1,439
IL,Pike,17149,19.8,831
IL,Pope,17151,12.1,369
IL,Pulaski,17153,30.9,199
IL,Putnam,17155,37.5,160
IL,Randolph,17157,58.2,576
IL,Richland,17159,45.1,360
IL,Rock Island,17161,345,428
IL,St. Clair,17163,410.6,658
IL,Saline,17165,65.6,380
IL,Sangamon,17167,227.4,868
IL,Schuyler,17169,17.3,437
IL,Scott,17171,21.3,251
IL,Shelby,17173,29.5,759
IL,Stark,17175,20.8,288
IL,Stephenson,17177,84.5,565
IL,Tazewell,17179,208.6,649
IL,Union,17181,43.1,413
IL,Vermilion,17183,90.9,898
IL,Wabash,17185,53.5,223
IL,Warren,17187,32.6,542
IL,Washington,17189,26.2,563
IL,Wayne,17191,23.5,714
IL,White,17193,29.6,495
IL,Whiteside,17195,85.5,684
IL,Will,17197,809.6,837
IL,Williamson,17199,157.9,420
IL,Winnebago,17201,575.2,513
IL,Woodford,17203,73.3,528
IN,Adams,18001,101.4,339
IN,Allen,18003,540.6,657
IN,Bartholomew,18005,188.7,407
IN,Benton,18007,21.8,406
IN,Blackford,18009,77.3,165
IN,Boone,18011,133.9,423
IN,Brown,18013,48.9,312
IN,Carroll,18015,54.1,372
IN,Cass,18017,94.5,412
IN,Clark,18019,295.6,373
IN,Clay,18021,75.2,358
IN,Clinton,18023,82,405
IN,Crawford,18025,35.1,306
IN,Daviess,18027,73.7,429
IN,Dearborn,18029,164.1,305
IN,Decatur,18031,69.1,373
IN,DeKalb,18033,116.4,363
IN,Delaware,18035,300.1,392
IN,Dubois,18037,98,427
IN,Elkhart,18039,426.5,463
IN,Fayette,18041,112.9,215
IN,Floyd,18043,504.1,148
IN,Fountain,18045,43.6,396
IN,Franklin,18047,60.1,384
IN,Fulton,18049,56.6,368
IN,Gibson,18051,68.7,487
IN,Grant,18053,169.2,414
IN,Greene,18055,61.1,543
IN,Hamilton,18057,696.4,394
IN,Hancock,18059,228.8,306
IN,Harrison,18061,81.2,485
IN,Hendricks,18063,357.4,407
IN,Henry,18065,126.2,392
IN,Howard,18067,282.4,293
IN,Huntington,18069,97,383
IN,Jackson,18071,83.2,509
IN,Jasper,18073,59.8,560
IN,Jay,18075,55.4,384
IN,Jefferson,18077,89.9,361
IN,Jennings,18079,75.7,377
IN,Johnson,18081,435.8,320
IN,Knox,18083,74.5,516
IN,Kosciusko,18085,145.6,531
IN,LaGrange,18087,97.8,380
IN,Lake,18089,994.1,499
IN,LaPorte,18091,186.3,598
IN,Lawrence,18093,102.7,449
IN,Madison,18095,291.3,452
IN,Marion,18097,2279.6,396
IN,Marshall,18099,106.1,444
IN,Martin,18101,30.8,336
IN,Miami,18103,98.7,374
IN,Monroe,18105,349.7,395
IN,Montgomery,18107,75.6,505
IN,Morgan,18109,170.5,404
IN,Newton,18111,35.5,402
IN,Noble,18113,115.7,411
IN,Ohio,18115,71.1,86
IN,Orange,18117,49.8,398
IN,Owen,18119,56,385
IN,Parke,18121,39,445
IN,Perry,18123,50.7,382
IN,Pike,18125,38.4,334
IN,Porter,18127,393,418
IN,Posey,18129,63.3,410
IN,Pulaski,18131,30.9,434
IN,Putnam,18133,79,481
IN,Randolph,18135,57.9,452
IN,Ripley,18137,64.6,446
IN,Rush,18139,42.6,408
IN,St. Joseph,18141,583,458
IN,Scott,18143,127,190
IN,Shelby,18145,108.1,411
IN,Spencer,18147,52.8,397
IN,Starke,18149,75.6,309
IN,Steuben,18151,110.7,309
IN,Sullivan,18153,48,447
IN,Switzerland,18155,48.1,221
IN,Tippecanoe,18157,345.7,500
IN,Tipton,18159,61.2,261
IN,Union,18161,46.6,161
IN,Vanderburgh,18163,769.7,233
IN,Vermillion,18165,63.1,257
IN,Vigo,18167,267.4,403
IN,Wabash,18169,79.7,412
IN,Warren,18171,23.3,365
IN,Warrick,18173,155.1,385
IN,Washington,18175,55,514
IN,Wayne,18177,171.5,402
IN,Wells,18179,75.1,368
IN,White,18181,48.8,505
IN,Whitley,18183,99.2,336
IA,Adair,19001,13.5,569
IA,Adams,19003,9.5,423
IA,Allamakee,19005,22.4,639
IA,Appanoose,19007,25.9,497
IA,Audubon,19009,13.8,443
IA,Benton,19011,36.4,716
IA,Black Hawk,19013,231.7,566
IA,Boone,19015,46,572
IA,Bremer,19017,55.7,435
IA,Buchanan,19019,36.7,571
IA,Buena Vista,19021,35.2,575
IA,Butler,19023,25.6,580
IA,Calhoun,19025,17,570
IA,Carroll,19027,36.6,569
IA,Cass,19029,24.7,564
IA,Cedar,19031,31.9,579
IA,Cerro Gordo,19033,77.7,568
IA,Cherokee,19035,20.9,577
IA,Chickasaw,19037,24.7,504
IA,Clarke,19039,21.5,431
IA,Clay,19041,29.4,567
IA,Clayton,19043,23.3,779
IA,Clinton,19045,70.7,695
IA,Crawford,19047,23.9,714
IA,Dallas,19049,112.4,588
IA,Davis,19051,17.4,502
IA,Decatur,19053,15.9,532
IA,Delaware,19055,30.7,578
IA,Des Moines,19057,96.9,416
IA,Dickinson,19059,43.8,381
IA,Dubuque,19061,154,608
IA,Emmet,19063,26,396
IA,Fayette,19065,28.6,731
IA,Floyd,19067,32.6,501
IA,Franklin,19069,18.4,582
IA,Fremont,19071,14.6,511
IA,Greene,19073,16.4,570
IA,Grundy,19075,24.8,502
IA,Guthrie,19077,18.5,591
IA,Hamilton,19079,27.2,577
IA,Hancock,19081,19.9,571
IA,Hardin,19083,30.8,569
IA,Harrison,19085,21.4,697
IA,Henry,19087,46.4,434
IA,Howard,19089,20.2,473
IA,Humboldt,19091,22.6,434
IA,Ida,19093,16.4,432
IA,Iowa,19095,27.9,586
IA,Jackson,19097,31.2,636
IA,Jasper,19099,50.4,730
IA,Jefferson,19101,38.7,436
IA,Johnson,19103,213.1,614
IA,Jones,19105,35.9,576
IA,Keokuk,19107,18.1,579
IA,Kossuth,19109,16,973
IA,Lee,19111,69.3,518
IA,Linn,19113,294.6,717
IA,Louisa,19115,28.3,402
IA,Lucas,19117,20.7,431
IA,Lyon,19119,19.7,588
IA,Madison,19121,27.9,561
IA,Mahaska,19123,39.2,571
IA,Marion,19125,60.1,555
IA,Marshall,19127,71,573
IA,Mills,19129,34.4,437
IA,Mitchell,19131,23,469
IA,Monona,19133,13.3,694
IA,Monroe,19135,18.4,434
IA,Montgomery,19137,25.3,424
IA,Muscatine,19139,97.7,437
IA,O'Brien,19141,25.1,573
IA,Osceola,19143,16.2,399
IA,Page,19145,29.8,535
IA,Palo Alto,19147,16.7,564
IA,Plymouth,19149,29,863
IA,Pocahontas,19151,12.7,577
IA,Polk,19153,750.5,574
IA,Pottawattamie,19155,98,950
IA,Poweshiek,19157,32.3,585
IA,Ringgold,19159,9.6,536
IA,Sac,19161,18,575
IA,Scott,19163,360.7,458
IA,Shelby,19165,20.6,591
IA,Sioux,19167,43.9,768
IA,Story,19169,156.3,573
IA,Tama,19171,24.6,721
IA,Taylor,19173,11.9,532
IA,Union,19175,29.6,424
IA,Van Buren,19177,15.6,485
IA,Wapello,19179,82.5,432
IA,Warren,19181,81.1,570
IA,Washington,19183,38.2,569
IA,Wayne,19185,12.2,525
IA,Webster,19187,53.1,716
IA,Winnebago,19189,27.1,400
IA,Winneshiek,19191,30.5,690
IA,Woodbury,19193,117.1,873
IA,Worth,19195,19,400
IA,Wright,19197,22.8,580
KS,Allen,20001,26.7,500
KS,Anderson,20003,14,580
KS,Atchison,20005,39.3,431
KS,Barber,20007,4.3,1134
KS,Barton,20009,30.9,895
KS,Bourbon,20011,23.9,635
KS,Brown,20013,17.5,571
KS,Butler,20015,46.1,1430
KS,Chase,20017,3.6,773
KS,Chautauqua,20019,5.7,639
KS,Cherokee,20021,36.8,588
KS,Cheyenne,20023,2.7,1020
KS,Clark,20025,2.3,975
KS,Clay,20027,13.2,645
KS,Cloud,20029,13.3,715
KS,Coffey,20031,13.7,627
KS,Comanche,20033,2.4,788
KS,Cowley,20035,32.3,1126
KS,Crawford,20037,66.4,590
KS,Decatur,20039,3.3,894
KS,Dickinson,20041,23.3,847
KS,Doniphan,20043,20.2,393
KS,Douglas,20045,243.1,456
KS,Edwards,20047,4.9,622
KS,Elk,20049,4.5,644
KS,Ellis,20051,31.6,900
KS,Ellsworth,20053,9.1,716
KS,Finney,20055,28.2,1302
KS,Ford,20057,30.8,1098
KS,Franklin,20059,45.5,572
KS,Geary,20061,89.3,385
KS,Gove,20063,2.5,1072
KS,Graham,20065,2.9,899
KS,Grant,20067,13.6,575
KS,Gray,20069,6.9,869
KS,Greeley,20071,1.6,778
KS,Greenwood,20073,5.9,1143
KS,Hamilton,20075,2.7,997
KS,Harper,20077,7.5,801
KS,Harvey,20079,64.3,540
KS,Haskell,20081,7.4,578
KS,Hodgeman,20083,2.2,860
KS,Jackson,20085,20.5,656
KS,Jefferson,20087,35.9,533
KS,Jewell,20089,3.4,910
KS,Johnson,20091,1149.6,473
KS,Kearny,20093,4.6,871
KS,Kingman,20095,9.1,863
KS,Kiowa,20097,3.5,723
KS,Labette,20099,33.5,645
KS,Lane,20101,2.4,717
KS,Leavenworth,20103,164.7,463
KS,Lincoln,20105,4.5,719
KS,Linn,20107,16.3,594
KS,Logan,20109,2.6,1073
KS,Lyon,20111,39.8,847
KS,McPherson,20113,32.5,898
KS,Marion,20115,13.4,944
KS,Marshall,20117,11.2,900
KS,Meade,20119,4.7,978
KS,Miami,20121,57,576
KS,Mitchell,20123,9.1,702
KS,Montgomery,20125,55.1,644
KS,Morris,20127,8.5,695
KS,Morton,20129,4.4,730
KS,Nemaha,20131,14.2,717
KS,Neosho,20133,28.9,571
KS,Ness,20135,2.9,1075
KS,Norton,20137,6.5,878
KS,Osage,20139,23.1,706
KS,Osborne,20141,4.3,893
KS,Ottawa,20143,8.5,721
KS,Pawnee,20145,9.2,754
KS,Phillips,20147,6.4,886
KS,Pottawatomie,20149,25.7,841
KS,Pratt,20151,13.1,735
KS,Rawlins,20153,2.4,1069
KS,Reno,20155,51.4,1255
KS,Republic,20157,6.9,717
KS,Rice,20159,13.9,726
KS,Riley,20161,116.6,610
KS,Rooks,20163,5.8,891
KS,Rush,20165,4.6,718
KS,Russell,20167,7.9,886
KS,Saline,20169,77.2,720
KS,Scott,20171,6.9,718
KS,Sedgwick,20173,499.6,998
KS,Seward,20175,35.9,640
KS,Shawnee,20177,327.1,544
KS,Sheridan,20179,2.9,896
KS,Sherman,20181,5.7,1056
KS,Smith,20183,4.3,895
KS,Stafford,20185,5.6,792
KS,Stanton,20187,3.3,680
KS,Stevens,20189,7.9,727
KS,Sumner,20191,20.4,1182
KS,Thomas,20193,7.4,1075
KS,Trego,20195,3.4,889
KS,Wabaunsee,20197,8.9,794
KS,Wallace,20199,1.6,914
KS,Washington,20201,6.5,895
KS,Wichita,20203,3.1,719
KS,Wilson,20205,16.5,570
KS,Woodson,20207,6.6,498
KS,Wyandotte,20209,1039,152
KY,Adair,21001,46,405
KY,Allen,21003,58,344
KY,Anderson,21005,106.1,202
KY,Ballard,21007,33.4,247
KY,Barren,21009,86.5,488
KY,Bath,21011,41.6,279
KY,Bell,21013,79.9,359
KY,Boone,21015,482.3,246
KY,Bourbon,21017,69,290
KY,Boyd,21019,309.9,160
KY,Boyle,21021,157.8,180
KY,Bracken,21023,41.3,206
KY,Breathitt,21025,28.2,492
KY,Breckinridge,21027,35.4,567
KY,Bullitt,21029,250.2,297
KY,Butler,21031,29.8,426
KY,Caldwell,21033,37.7,345
KY,Calloway,21035,96.6,385
KY,Campbell,21037,597,151
KY,Carlisle,21039,26.9,189
KY,Carroll,21041,84.1,129
KY,Carter,21043,67.7,410
KY,Casey,21045,35.9,444
KY,Christian,21047,103.1,718
KY,Clark,21049,141.1,252
KY,Clay,21051,46.3,469
KY,Clinton,21053,52.1,197
KY,Crittenden,21055,25.9,360
KY,Cumberland,21057,22.5,305
KY,Daviess,21059,210.9,458
KY,Edmonson,21061,40.2,303
KY,Elliott,21063,33.5,234
KY,Estill,21065,58,253
KY,Fayette,21067,1042.8,284
KY,Fleming,21069,41.2,349
KY,Floyd,21071,100.3,393
KY,Franklin,21073,237.2,208
KY,Fulton,21075,33.2,206
KY,Gallatin,21077,84.8,101
KY,Garrard,21079,73.5,230
KY,Grant,21081,95.6,258
KY,Graves,21083,67.3,552
KY,Grayson,21085,51.8,497
KY,Green,21087,39.4,286
KY,Greenup,21089,107.2,344
KY,Hancock,21091,45.6,188
KY,Hardin,21093,169.3,623
KY,Harlan,21095,62.9,466
KY,Harrison,21097,61.5,306
KY,Hart,21099,44.2,412
KY,Henderson,21101,105.9,437
KY,Henry,21103,53.9,286
KY,Hickman,21105,20.2,242
KY,Hopkins,21107,86.6,542
KY,Jackson,21109,39.1,345
KY,Jefferson,21111,1948.1,380
KY,Jessamine,21113,282.3,172
KY,Johnson,21115,89.2,262
KY,Kenton,21117,996.7,160
KY,Knott,21119,46.5,352
KY,Knox,21121,82.5,386
KY,Larue,21123,54.3,262
KY,Laurel,21125,135.6,434
KY,Lawrence,21127,38.2,416
KY,Lee,21129,37.8,209
KY,Leslie,21131,28.2,401
KY,Letcher,21133,72.6,338
KY,Lewis,21135,28.7,483
KY,Lincoln,21137,74.1,334
KY,Livingston,21139,30.4,313
KY,Logan,21141,48.6,552
KY,Lyon,21143,38.9,214
KY,McCracken,21145,263.6,249
KY,McCreary,21147,42.9,427
KY,McLean,21149,37.8,252
KY,Madison,21151,189.6,437
KY,Magoffin,21153,43.2,308
KY,Marion,21155,57.8,343
KY,Marshall,21157,104.4,301
KY,Martin,21159,56.3,230
KY,Mason,21161,72.8,240
KY,Meade,21163,93.6,305
KY,Menifee,21165,31,204
KY,Mercer,21167,85.7,249
KY,Metcalfe,21169,34.9,290
KY,Monroe,21171,33.3,329
KY,Montgomery,21173,134.3,197
KY,Morgan,21175,36.5,381
KY,Muhlenberg,21177,67.4,467
KY,Nelson,21179,104,418
KY,Nicholas,21181,36.6,195
KY,Ohio,21183,40.6,587
KY,Oldham,21185,322.2,187
KY,Owen,21187,30.9,351
KY,Owsley,21189,24.1,197
KY,Pendleton,21191,53.7,277
KY,Perry,21193,84.5,340
KY,Pike,21195,82.6,787
KY,Powell,21197,70.5,179
KY,Pulaski,21199,95.8,658
KY,Robertson,21201,22.8,100
KY,Rockcastle,21203,53.9,317
KY,Rowan,21205,83.4,280
KY,Russell,21207,69.2,254
KY,Scott,21209,167.4,282
KY,Shelby,21211,110.8,380
KY,Simpson,21213,74,234
KY,Spencer,21215,91.4,187
KY,Taylor,21217,92,266
KY,Todd,21219,33.3,375
KY,Trigg,21221,32.5,441
KY,Trimble,21223,58.1,152
KY,Union,21225,43.8,343
KY,Warren,21227,210.1,542
KY,Washington,21229,39.4,297
KY,Wayne,21231,45.4,458
KY,Webster,21233,41,332
KY,Whitley,21235,81.4,438
KY,Wolfe,21237,33.1,222
KY,Woodford,21239,132.1,189
LA,"Acadia Parish, Louisiana",22001,94.3,655
LA,"Allen Parish, Louisiana",22003,33.8,762
LA,"Ascension Parish, Louisiana",22005,369.7,290
LA,"Assumption Parish, Louisiana",22007,69.2,339
LA,"Avoyelles Parish, Louisiana",22009,50.5,832
LA,"Beauregard Parish, Louisiana",22011,30.8,1157
LA,"Bienville Parish, Louisiana",22013,17.7,811
LA,"Bossier Parish, Louisiana",22015,139.3,840
LA,"Caddo Parish, Louisiana",22017,290.2,879
LA,"Calcasieu Parish, Louisiana",22019,181.2,1064
LA,"Caldwell Parish, Louisiana",22021,19.1,529
LA,"Cameron Parish, Louisiana",22023,5.3,1285
LA,"Catahoula Parish, Louisiana",22025,14.7,708
LA,"Claiborne Parish, Louisiana",22027,22.8,755
LA,"Concordia Parish, Louisiana",22029,29.9,697
LA,"De Soto Parish, Louisiana",22031,30.4,876
LA,"East Baton Rouge Parish, Louisiana",22033,966.6,455
LA,"East Carroll Parish, Louisiana",22035,18.4,421
LA,"East Feliciana Parish, Louisiana",22037,44.7,453
LA,"Evangeline Parish, Louisiana",22039,51.3,662
LA,"Franklin Parish, Louisiana",22041,33.2,625
LA,"Grant Parish, Louisiana",22043,34.7,643
LA,"Iberia Parish, Louisiana",22045,127.6,574
LA,"Iberville Parish, Louisiana",22047,54,619
LA,"Jackson Parish, Louisiana",22049,28.6,569
LA,"Jefferson Parish, Louisiana",22051,1463.1,296
LA,"Jefferson Davis Parish, Louisiana",22053,48.5,651
LA,"Lafayette Parish, Louisiana",22055,824.6,269
LA,"Lafourche Parish, Louisiana",22057,90.2,1068
LA,"LaSalle Parish, Louisiana",22059,23.8,625
LA,"Lincoln Parish, Louisiana",22061,99.1,472
LA,"Livingston Parish, Louisiana",22063,197.5,648
LA,"Madison Parish, Louisiana",22065,19.4,624
LA,"Morehouse Parish, Louisiana",22067,35.2,795
LA,"Natchitoches Parish, Louisiana",22069,31.6,1252
LA,"Orleans Parish, Louisiana",22071,2029.4,169
LA,"Ouachita Parish, Louisiana",22073,251.8,610
LA,"Plaquemines Parish, Louisiana",22075,29.5,780
LA,"Pointe Coupee Parish, Louisiana",22077,40.9,557
LA,"Rapides Parish, Louisiana",22079,99.9,1318
LA,"Red River Parish, Louisiana",22081,23.4,389
LA,"Richland Parish, Louisiana",22083,37.1,559
LA,"Sabine Parish, Louisiana",22085,28,867
LA,"St. Bernard Parish, Louisiana",22087,95.1,378
LA,"St. Charles Parish, Louisiana",22089,189.1,279
LA,"St. Helena Parish, Louisiana",22091,27.4,408
LA,"St. James Parish, Louisiana",22093,91.5,242
LA,"St. John the Baptist Parish, Louisiana",22095,215.5,213
LA,"St. Landry Parish, Louisiana",22097,90.3,924
LA,"St. Martin Parish, Louisiana",22099,70.7,738
LA,"St. Mary Parish, Louisiana",22101,98.4,555
LA,"St. Tammany Parish, Louisiana",22103,276.4,846
LA,"Tangipahoa Parish, Louisiana",22105,153,791
LA,"Tensas Parish, Louisiana",22107,8.7,603
LA,"Terrebonne Parish, Louisiana",22109,90.8,1232
LA,"Union Parish, Louisiana",22111,25.9,877
LA,"Vermilion Parish, Louisiana",22113,49.4,1173
LA,"Vernon Parish, Louisiana",22115,39.4,1328
LA,"Washington Parish, Louisiana",22117,70.4,670
LA,"Webster Parish, Louisiana",22119,69.5,593
LA,"West Baton Rouge Parish, Louisiana",22121,123.6,192
LA,"West Carroll Parish, Louisiana",22123,32.3,360
LA,"West Feliciana Parish, Louisiana",22125,38.8,403
LA,"Winn Parish, Louisiana",22127,16.1,950
ME,Androscoggin,23001,230.2,468
ME,Aroostook,23003,10.8,6671
ME,Cumberland,23005,337.2,835
ME,Franklin,23007,18.1,1697
ME,Hancock,23009,34.3,1587
ME,Kennebec,23011,140.8,868
ME,Knox,23013,108.8,365
ME,Lincoln,23015,75.6,456
ME,Oxford,23017,27.8,2077
ME,Penobscot,23019,45.3,3397
ME,Piscataquis,23021,4.4,3961
ME,Sagadahoc,23023,139.1,254
ME,Somerset,23025,13.3,3924
ME,Waldo,23027,53.1,730
ME,Washington,23029,12.8,2563
ME,York,23031,199,991
MD,Allegany,24001,177,424
MD,Anne Arundel,24003,1295.9,415
MD,Baltimore,24005,1345.5,598
MD,Calvert,24009,416.3,213
MD,Caroline,24011,103.5,319
MD,Carroll,24013,373.4,448
MD,Cecil,24015,292,346
MD,Charles,24017,320.2,458
MD,Dorchester,24019,60.3,541
MD,Frederick,24021,353.5,660
MD,Garrett,24023,46.5,647
MD,Harford,24025,560.1,437
MD,Howard,24027,1144.9,251
MD,Kent,24029,72.9,277
MD,Montgomery,24031,1978.2,491
MD,Prince George's,24033,1788.8,483
MD,Queen Anne's,24035,128.5,372
MD,St. Mary's,24037,294.4,357
MD,Somerset,24039,82.8,320
MD,Talbot,24041,140.7,269
MD,Washington,24043,322.1,458
MD,Wicomico,24045,263.7,374
MD,Worcester,24047,109.9,468
MD,"Baltimore city, Maryland (County)",24510,7671.5,81
MA,Barnstable,25001,548.3,394
MA,Berkshire,25003,141.6,927
MA,Bristol,25005,991.3,553
MA,Dukes,25007,160.2,103
MA,Essex,25009,1508.8,493
MA,Franklin,25011,102.1,699
MA,Hampden,25013,751,617
MA,Hampshire,25015,299.8,527
MA,Middlesex,25017,1837.9,818
MA,Nantucket,25019,226.2,45
MA,Norfolk,25021,1693.6,396
MA,Plymouth,25023,750.9,659
MA,Suffolk,25025,12415.7,58
MA,Worcester,25027,528.6,1511
MI,Alcona,26001,16.2,675
MI,Alger,26003,10.5,915
MI,Allegan,26005,135,825
MI,Alpena,26007,51.8,572
MI,Antrim,26009,49.6,476
MI,Arenac,26011,43.8,363
MI,Baraga,26013,9.9,898
MI,Barry,26015,107,553
MI,Bay,26017,243.7,442
MI,Benzie,26019,54.8,320
MI,Berrien,26021,276.2,568
MI,Branch,26023,89.4,506
MI,Calhoun,26025,192.8,706
MI,Cass,26027,106.7,490
MI,Charlevoix,26029,62.3,416
MI,Cheboygan,26031,36.6,715
MI,Chippewa,26033,24.7,1558
MI,Clare,26035,54.8,564
MI,Clinton,26037,133.1,566
MI,Crawford,26039,25.3,556
MI,Delta,26041,31.7,1171
MI,Dickinson,26043,34.4,761
MI,Eaton,26045,187.3,575
MI,Emmet,26047,69.9,467
MI,Genesee,26049,668.5,637
MI,Gladwin,26051,51.2,502
MI,Gogebic,26053,14.9,1102
MI,Grand Traverse,26055,187.3,464
MI,Gratiot,26057,74.7,568
MI,Hillsdale,26059,78.1,598
MI,Houghton,26061,36.3,1009
MI,Huron,26063,39.6,836
MI,Ingham,26065,505.1,556
MI,Ionia,26067,111.9,571
MI,Iosco,26069,47.1,549
MI,Iron,26071,10.1,1166
MI,Isabella,26073,122.8,573
MI,Jackson,26075,228.4,702
MI,Kalamazoo,26077,445.7,562
MI,Kalkaska,26079,30.6,560
MI,Kent,26081,711.5,847
MI,Keweenaw,26083,4,540
MI,Lake,26085,20.3,567
MI,Lapeer,26087,137.4,643
MI,Leelanau,26089,62.5,347
MI,Lenawee,26091,133.3,750
MI,Livingston,26093,320.2,565
MI,Luce,26095,7.4,899
MI,Mackinac,26097,10.9,1022
MI,Macomb,26099,1754.9,479
MI,Manistee,26101,45.6,542
MI,Marquette,26103,37.1,1808
MI,Mason,26105,58,495
MI,Mecosta,26107,77.1,555
MI,Menominee,26109,23,1044
MI,Midland,26111,162,516
MI,Missaukee,26113,26.3,565
MI,Monroe,26115,276.7,549
MI,Montcalm,26117,89.8,705
MI,Montmorency,26119,17.9,547
MI,Muskegon,26121,344.9,499
MI,Newaygo,26123,59.6,813
MI,Oakland,26125,1385.7,868
MI,Oceana,26127,51.9,512
MI,Ogemaw,26129,38.5,563
MI,Ontonagon,26131,5.2,1311
MI,Osceola,26133,41.5,566
MI,Oscoda,26135,15.3,566
MI,Otsego,26137,46.9,515
MI,Ottawa,26139,468.2,563
MI,Presque Isle,26141,20.3,659
MI,Roscommon,26143,47.1,520
MI,Saginaw,26145,250.2,800
MI,St. Clair,26147,226.1,721
MI,St. Joseph,26149,122.4,501
MI,Sanilac,26151,44.8,963
MI,Schoolcraft,26153,7.2,1171
MI,Shiawassee,26155,133.1,531
MI,Tuscola,26157,69.4,803
MI,Van Buren,26159,125.5,607
MI,Washtenaw,26161,488.4,706
MI,Wayne,26163,2974.4,612
MI,Wexford,26165,57.9,565
MN,Aitkin,27001,8.9,1822
MN,Anoka,27003,782.1,423
MN,Becker,27005,24.7,1315
MN,Beltrami,27007,17.7,2505
MN,Benton,27009,94.2,408
MN,Big Stone,27011,10.6,499
MN,Blue Earth,27013,85.6,748
MN,Brown,27015,42.4,611
MN,Carlton,27017,41.1,861
MN,Carver,27019,256.9,354
MN,Cass,27021,14.1,2022
MN,Chippewa,27023,21.4,581
MN,Chisago,27025,129.9,415
MN,Clay,27027,56.4,1045
MN,Clearwater,27029,8.7,999
MN,Cook,27031,3.6,1452
MN,Cottonwood,27033,18.3,639
MN,Crow Wing,27035,62.6,999
MN,Dakota,27037,709,562
MN,Dodge,27039,45.7,439
MN,Douglas,27041,56.5,637
MN,Faribault,27043,20.4,712
MN,Fillmore,27045,24.2,861
MN,Freeborn,27047,44.2,707
MN,Goodhue,27049,61,757
MN,Grant,27051,11,548
MN,Hennepin,27053,2081.7,554
MN,Houston,27055,34.5,552
MN,Hubbard,27057,22.1,926
MN,Isanti,27059,86.8,436
MN,Itasca,27061,16.9,2668
MN,Jackson,27063,14.6,703
MN,Kanabec,27065,31.1,522
MN,Kandiyohi,27067,53,797
MN,Kittson,27069,4.1,1099
MN,Koochiching,27071,4.3,3104
MN,Lac qui Parle,27073,9.5,765
MN,Lake,27075,5.2,2109
MN,Lake of the Woods,27077,3.1,1298
MN,Le Sueur,27079,61.7,449
MN,Lincoln,27081,11,537
MN,Lyon,27083,36.2,715
MN,McLeod,27085,74.6,491
MN,Mahnomen,27087,9.7,558
MN,Marshall,27089,5.3,1775
MN,Martin,27091,29.3,712
MN,Meeker,27093,38.3,608
MN,Mille Lacs,27095,45.6,572
MN,Morrison,27097,29.5,1125
MN,Mower,27099,55.1,711
MN,Murray,27101,12.4,705
MN,Nicollet,27103,73,448
MN,Nobles,27105,29.9,715
MN,Norman,27107,7.9,873
MN,Olmsted,27109,220.8,653
MN,Otter Tail,27111,29.1,1972
MN,Pennington,27113,22.6,617
MN,Pine,27115,21.1,1411
MN,Pipestone,27117,20.6,465
MN,Polk,27119,16,1971
MN,Pope,27121,16.4,670
MN,Ramsey,27123,3341.7,152
MN,Red Lake,27125,9.5,432
MN,Redwood,27127,18.3,879
MN,Renville,27129,16,983
MN,Rice,27131,129.4,496
MN,Rock,27133,20.1,482
MN,Roseau,27135,9.3,1672
MN,St. Louis,27137,32,6247
MN,Scott,27139,364.5,356
MN,Sherburne,27141,204.4,433
MN,Sibley,27143,25.9,589
MN,Stearns,27145,112.2,1343
MN,Steele,27147,85.1,430
MN,Stevens,27149,17.3,564
MN,Swift,27151,13.2,742
MN,Todd,27153,26.3,945
MN,Traverse,27155,6.2,574
MN,Wabasha,27157,41.4,523
MN,Wadena,27159,25.8,536
MN,Waseca,27161,45.2,423
MN,Washington,27163,619.7,384
MN,Watonwan,27165,25.8,435
MN,Wilkin,27167,8.8,751
MN,Winona,27169,82.2,626
MN,Wright,27171,188.5,661
MN,Yellow Medicine,27173,13.8,759
MS,Adams,28001,69.8,462
MS,Alcorn,28003,92.6,400
MS,Amite,28005,18,730
MS,Attala,28007,26.6,735
MS,Benton,28009,21.5,407
MS,Bolivar,28011,39,877
MS,Calhoun,28013,25.5,587
MS,Carroll,28015,16.9,628
MS,Chickasaw,28017,34.7,502
MS,Choctaw,28019,20.4,418
MS,Claiborne,28021,19.7,487
MS,Clarke,28023,24.2,692
MS,Clay,28025,50.3,410
MS,Coahoma,28027,47.3,552
MS,Copiah,28029,37.9,777
MS,Covington,28031,47.3,414
MS,DeSoto,28033,338.7,476
MS,Forrest,28035,160.7,466
MS,Franklin,28037,14.4,564
MS,George,28039,47.2,479
MS,Greene,28041,20.2,713
MS,Grenada,28043,51.9,422
MS,Hancock,28045,92.7,474
MS,Harrison,28047,326,574
MS,Hinds,28049,282,870
MS,Holmes,28051,25.4,757
MS,Humphreys,28053,22.4,418
MS,Issaquena,28055,3.4,413
MS,Itawamba,28057,43.9,533
MS,Jackson,28059,193.2,723
MS,Jasper,28061,25.2,676
MS,Jefferson,28063,14.9,520
MS,Jefferson Davis,28065,30.6,408
MS,Jones,28067,97.5,695
MS,Kemper,28069,13.6,766
MS,Lafayette,28071,75,632
MS,Lamar,28073,112,497
MS,Lauderdale,28075,114.1,704
MS,Lawrence,28077,30,431
MS,Leake,28079,40.8,583
MS,Lee,28081,184.3,450
MS,Leflore,28083,54.5,593
MS,Lincoln,28085,59.5,586
MS,Lowndes,28087,118.3,506
MS,Madison,28089,133.2,715
MS,Marion,28091,49.9,542
MS,Marshall,28093,52.6,706
MS,Monroe,28095,48.3,765
MS,Montgomery,28097,26.8,407
MS,Neshoba,28099,52.1,570
MS,Newton,28101,37.6,578
MS,Noxubee,28103,16.6,695
MS,Oktibbeha,28105,104,458
MS,Panola,28107,50.7,685
MS,Pearl River,28109,68.9,811
MS,Perry,28111,18.9,647
MS,Pike,28113,98.8,409
MS,Pontotoc,28115,60.2,498
MS,Prentiss,28117,60.9,415
MS,Quitman,28119,20.3,405
MS,Rankin,28121,182.6,775
MS,Scott,28123,46.4,609
MS,Sharkey,28125,11.4,432
MS,Simpson,28127,46.7,589
MS,Smith,28129,25.9,636
MS,Stone,28131,39.9,445
MS,Sunflower,28133,42.2,698
MS,Tallahatchie,28135,23.8,645
MS,Tate,28137,71.4,405
MS,Tippah,28139,48.6,458
MS,Tishomingo,28141,46.2,424
MS,Tunica,28143,23.7,455
MS,Union,28145,65.3,416
MS,Walthall,28147,38.2,404
MS,Warren,28149,82.9,589
MS,Washington,28151,70.6,725
MS,Wayne,28153,25.6,811
MS,Webster,28155,24.4,421
MS,Wilkinson,28157,14.6,678
MS,Winston,28159,31.6,607
MS,Yalobusha,28161,27.1,467
MS,Yazoo,28163,30.4,923
MO,Adair,29001,45.1,567
MO,Andrew,29003,40,433
MO,Atchison,29005,10.4,547
MO,Audrain,29007,36.9,692
MO,Barry,29009,45.7,778
MO,Barton,29011,21,592
MO,Bates,29013,20.4,837
MO,Benton,29015,27.1,704
MO,Bollinger,29017,20,618
MO,Boone,29019,237.3,685
MO,Buchanan,29021,218.6,408
MO,Butler,29023,61.6,695
MO,Caldwell,29025,22.1,426
MO,Callaway,29027,53.1,835
MO,Camden,29029,67.1,656
MO,Cape Girardeau,29031,130.8,579
MO,Carroll,29033,13.4,695
MO,Carter,29035,12.3,507
MO,Cass,29037,142.8,697
MO,Cedar,29039,29.5,474
MO,Chariton,29041,10.4,751
MO,Christian,29043,137.6,563
MO,Clark,29045,14.1,505
MO,Clay,29047,558.6,397
MO,Clinton,29049,49.5,419
MO,Cole,29051,193,394
MO,Cooper,29053,31.2,565
MO,Crawford,29055,33.3,743
MO,Dade,29057,16.1,490
MO,Dallas,29059,31,541
MO,Daviess,29061,15,563
MO,DeKalb,29063,30.6,421
MO,Dent,29065,20.8,753
MO,Douglas,29067,16.8,814
MO,Dunklin,29069,59.1,541
MO,Franklin,29071,110,923
MO,Gasconade,29073,29.4,518
MO,Gentry,29075,13.7,491
MO,Greene,29077,407.5,675
MO,Grundy,29079,23.6,435
MO,Harrison,29081,12.4,723
MO,Henry,29083,32,697
MO,Hickory,29085,24.1,399
MO,Holt,29087,10.6,463
MO,Howard,29089,21.9,464
MO,Howell,29091,43.6,927
MO,Iron,29093,19.3,550
MO,Jackson,29095,1115.3,604
MO,Jasper,29097,183.9,638
MO,Jefferson,29099,333.1,657
MO,Johnson,29101,63.4,829
MO,Knox,29103,8.2,504
MO,Laclede,29105,46.5,765
MO,Lafayette,29107,53.1,628
MO,Lawrence,29109,63.2,612
MO,Lewis,29111,20.2,505
MO,Lincoln,29113,83.9,627
MO,Linn,29115,20.7,616
MO,Livingston,29117,28.5,532
MO,McDonald,29119,42.8,539
MO,Macon,29121,19.4,801
MO,Madison,29123,24.7,494
MO,Maries,29125,17.4,527
MO,Marion,29127,65.9,437
MO,Mercer,29129,8.3,454
MO,Miller,29131,41.8,593
MO,Mississippi,29133,34.9,412
MO,Moniteau,29135,37.6,415
MO,Monroe,29137,13.6,648
MO,Montgomery,29139,22.8,536
MO,Morgan,29141,34.4,598
MO,New Madrid,29143,28.1,675
MO,Newton,29145,93,625
MO,Nodaway,29147,26.6,877
MO,Oregon,29149,13.8,790
MO,Osage,29151,23,604
MO,Ozark,29153,13.1,745
MO,Pemiscot,29155,37.1,493
MO,Perry,29157,40,474
MO,Pettis,29159,61.9,682
MO,Phelps,29161,67.2,672
MO,Pike,29163,27.6,670
MO,Platte,29165,212.6,420
MO,Polk,29167,49,636
MO,Pulaski,29169,95.5,547
MO,Putnam,29171,9.6,517
MO,Ralls,29173,21.6,470
MO,Randolph,29175,52.7,483
MO,Ray,29177,41.3,569
MO,Reynolds,29179,8.3,808
MO,Ripley,29181,22.4,630
MO,St. Charles,29183,643.2,560
MO,St. Clair,29185,14.6,670
MO,Ste. Genevieve,29186,36.4,499
MO,St. Francois,29187,144.6,452
MO,St. Louis,29189,1967.2,508
MO,Saline,29195,30.9,756
MO,Schuyler,29197,14.4,307
MO,Scotland,29199,11.1,437
MO,Scott,29201,93.3,420
MO,Shannon,29203,8.4,1004
MO,Shelby,29205,12.7,501
MO,Stoddard,29207,36.4,823
MO,Stone,29209,69.4,464
MO,Sullivan,29211,10.4,648
MO,Taney,29213,81.7,632
MO,Texas,29215,22.1,1177
MO,Vernon,29217,25.6,826
MO,Warren,29219,75.9,429
MO,Washington,29221,33.2,760
MO,Wayne,29223,17.8,759
MO,Webster,29225,61.1,593
MO,Worth,29227,8.1,267
MO,Wright,29229,27.6,682
MO,"St. Louis city, Missouri (County)",29510,5157.5,62
MT,Beaverhead,30001,1.7,5542
MT,Big Horn,30003,2.6,4995
MT,Blaine,30005,1.5,4228
MT,Broadwater,30007,4.7,1193
MT,Carbon,30009,4.9,2049
MT,Carter,30011,0.3,3341
MT,Cascade,30013,30.1,2698
MT,Chouteau,30015,1.5,3972
MT,Custer,30017,3.1,3783
MT,Daniels,30019,1.2,1426
MT,Dawson,30021,3.8,2372
MT,Deer Lodge,30023,12.6,737
MT,Fallon,30025,1.8,1621
MT,Fergus,30027,2.7,4340
MT,Flathead,30029,17.9,5088
MT,Gallatin,30031,34.4,2603
MT,Garfield,30033,0.3,4675
MT,Glacier,30035,4.5,2996
MT,Golden Valley,30037,0.8,1175
MT,Granite,30039,1.8,1727
MT,Hill,30041,5.6,2899
MT,Jefferson,30043,6.9,1656
MT,Judith Basin,30045,1.1,1870
MT,Lake,30047,19.3,1490
MT,Lewis and Clark,30049,18.3,3459
MT,Liberty,30051,1.6,1430
MT,Lincoln,30053,5.4,3613
MT,McCone,30055,0.7,2643
MT,Madison,30057,2.1,3587
MT,Meagher,30059,0.8,2392
MT,Mineral,30061,3.5,1219
MT,Missoula,30063,42.1,2593
MT,Musselshell,30065,2.4,1868
MT,Park,30067,5.6,2803
MT,Petroleum,30069,0.3,1655
MT,Phillips,30071,0.8,5140
MT,Pondera,30073,3.8,1623
MT,Powder River,30075,0.5,3297
MT,Powell,30077,3,2326
MT,Prairie,30079,0.7,1737
MT,Ravalli,30081,16.8,2391
MT,Richland,30083,4.7,2084
MT,Roosevelt,30085,4.4,2355
MT,Rosebud,30087,1.8,5010
MT,Sanders,30089,4.1,2761
MT,Sheridan,30091,2,1677
MT,Silver Bow,30093,47.6,718
MT,Stillwater,30095,5.1,1795
MT,Sweet Grass,30097,2,1855
MT,Teton,30099,2.7,2272
MT,Toole,30101,2.8,1916
MT,Treasure,30103,0.7,977
MT,Valley,30105,1.5,4926
MT,Wheatland,30107,1.5,1423
MT,Wibaux,30109,1.1,889
MT,Yellowstone,30111,56.2,2633
NE,Adams,31001,55.7,563
NE,Antelope,31003,7.8,857
NE,Arthur,31005,0.6,715
NE,Banner,31007,0.9,746
NE,Blaine,31009,0.7,711
NE,Boone,31011,8,687
NE,Box Butte,31013,10.5,1075
NE,Boyd,31015,3.9,540
NE,Brown,31017,2.6,1221
NE,Buffalo,31019,47.6,968
NE,Burt,31021,14,492
NE,Butler,31023,14.4,585
NE,Cass,31025,45.3,557
NE,Cedar,31027,12,740
NE,Chase,31029,4.4,894
NE,Cherry,31031,1,5960
NE,Cheyenne,31033,8.4,1196
NE,Clay,31035,11.4,572
NE,Colfax,31037,25.5,412
NE,Cuming,31039,16,571
NE,Custer,31041,4.2,2576
NE,Dakota,31043,79.5,264
NE,Dawes,31045,6.6,1396
NE,Dawson,31047,24,1013
NE,Deuel,31049,4.4,440
NE,Dixon,31051,12.6,476
NE,Dodge,31053,69.4,529
NE,Douglas,31055,1574.4,328
NE,Dundy,31057,2.2,920
NE,Fillmore,31059,10.2,575
NE,Franklin,31061,5.6,576
NE,Frontier,31063,2.8,975
NE,Furnas,31065,6.9,719
NE,Gage,31067,26.2,851
NE,Garden,31069,1.2,1704
NE,Garfield,31071,3.6,570
NE,Gosper,31073,4.5,458
NE,Grant,31075,0.8,776
NE,Greeley,31077,4.5,570
NE,Hall,31079,107.3,546
NE,Hamilton,31081,16.8,543
NE,Harlan,31083,6.2,553
NE,Hayes,31085,1.4,713
NE,Hitchcock,31087,4.1,710
NE,Holt,31089,4.3,2412
NE,Hooker,31091,1,721
NE,Howard,31093,11,569
NE,Jefferson,31095,13.2,570
NE,Johnson,31097,13.9,376
NE,Kearney,31099,12.6,516
NE,Keith,31101,7.9,1062
NE,Keya Paha,31103,1.1,773
NE,Kimball,31105,4,952
NE,Knox,31107,7.9,1108
NE,Lancaster,31109,340.8,838
NE,Lincoln,31111,14.2,2564
NE,Logan,31113,1.3,571
NE,Loup,31115,1.1,568
NE,McPherson,31117,0.6,859
NE,Madison,31119,60.9,573
NE,Merrick,31121,16.2,485
NE,Morrill,31123,3.5,1424
NE,Nance,31125,8.5,442
NE,Nemaha,31127,17.8,407
NE,Nuckolls,31129,7.8,575
NE,Otoe,31131,25.6,616
NE,Pawnee,31133,6.4,431
NE,Perkins,31135,3.4,883
NE,Phelps,31137,17,540
NE,Pierce,31139,12.7,573
NE,Platte,31141,47.8,674
NE,Polk,31143,12.3,438
NE,Red Willow,31145,15.4,717
NE,Richardson,31147,15.2,552
NE,Rock,31149,1.5,1008
NE,Saline,31151,24.7,574
NE,Sarpy,31153,664.6,239
NE,Saunders,31155,27.7,750
NE,Scotts Bluff,31157,50,739
NE,Seward,31159,29.3,571
NE,Sheridan,31161,2.2,2441
NE,Sherman,31163,5.6,566
NE,Sioux,31165,0.6,2067
NE,Stanton,31167,14.3,428
NE,Thayer,31169,9.1,574
NE,Thomas,31171,0.9,713
NE,Thurston,31173,17.6,394
NE,Valley,31175,7.5,568
NE,Washington,31177,51.9,390
NE,Wayne,31179,21.7,443
NE,Webster,31181,6.6,575
NE,Wheeler,31183,1.4,575
NE,York,31185,23.9,573
NV,Churchill,32001,5,4930
NV,Clark,32003,247.3,7891
NV,Douglas,32005,66.2,710
NV,Elko,32007,2.8,17170
NV,Esmeralda,32009,0.2,3582
NV,Eureka,32011,0.5,4176
NV,Humboldt,32013,1.7,9641
NV,Lander,32015,1.1,5490
NV,Lincoln,32017,0.5,10633
NV,Lyon,32019,26,2001
NV,Mineral,32021,1.3,3753
NV,Nye,32023,2.4,18182
NV,Pershing,32027,1.1,6037
NV,Storey,32029,15.3,263
NV,Washoe,32031,66.9,6302
NV,White Pine,32033,1.1,8876
NV,"Carson City, Nevada (County)",32510,382.1,145
NH,Belknap,33001,150.1,400
NH,Carroll,33003,51.4,931
NH,Cheshire,33005,109.1,707
NH,Coos,33007,18.4,1795
NH,Grafton,33009,52.2,1709
NH,Hillsborough,33011,457.4,876
NH,Merrimack,33013,156.8,934
NH,Rockingham,33015,425,695
NH,Strafford,33017,333.7,369
NH,Sullivan,33019,81.4,537
NJ,Atlantic,34001,494.1,556
NJ,Bergen,34003,3884.5,233
NJ,Burlington,34005,561.9,799
NJ,Camden,34007,2321.5,221
NJ,Cape May,34009,386.9,251
NJ,Cumberland,34011,324.4,484
NJ,Essex,34013,6211.5,126
NJ,Gloucester,34015,895.3,322
NJ,Hudson,34017,13731.4,46
NJ,Hunterdon,34019,300,428
NJ,Mercer,34021,1632.2,225
NJ,Middlesex,34023,2621.6,309
NJ,Monmouth,34025,1344.7,469
NJ,Morris,34027,1069.8,460
NJ,Ocean,34029,917,629
NJ,Passaic,34031,2715.3,185
NJ,Salem,34033,199.1,332
NJ,Somerset,34035,1071.7,302
NJ,Sussex,34037,287.6,519
NJ,Union,34039,5216.1,103
NJ,Warren,34041,304.5,357
NM,Bernalillo,35001,570.8,1161
NM,Catron,35003,0.5,6924
NM,Chaves,35005,10.8,6065
NM,Cibola,35006,6,4539
NM,Colfax,35007,3.7,3758
NM,Curry,35009,34.4,1405
NM,De Baca,35011,0.9,2323
NM,Do√±a Ana,35013,55,3808
NM,Eddy,35015,12.9,4176
NM,Grant,35017,7.4,3962
NM,Guadalupe,35019,1.5,3030
NM,Harding,35021,0.3,2125
NM,Hidalgo,35023,1.4,3437
NM,Lea,35025,14.7,4391
NM,Lincoln,35027,4.2,4831
NM,Los Alamos,35028,164.4,109
NM,Luna,35029,8.5,2965
NM,McKinley,35031,13.1,5450
NM,Mora,35033,2.5,1931
NM,Otero,35035,9.6,6613
NM,Quay,35037,3.1,2874
NM,Rio Arriba,35039,6.9,5861
NM,Roosevelt,35041,8.1,2447
NM,Sandoval,35043,35.5,3711
NM,San Juan,35045,23.6,5513
NM,San Miguel,35047,6.2,4716
NM,Santa Fe,35049,75.5,1909
NM,Sierra,35051,2.9,4179
NM,Socorro,35053,2.7,6647
NM,Taos,35055,15,2203
NM,Torrance,35057,4.9,3345
NM,Union,35059,1.2,3824
NM,Valencia,35061,71.8,1066
NY,Albany,36001,581.9,523
NY,Allegany,36003,47.6,1029
NY,Bronx,36005,32903.6,42
NY,Broome,36007,284.2,706
NY,Cattaraugus,36009,61.4,1308
NY,Cayuga,36011,115.7,692
NY,Chautauqua,36013,127.2,1060
NY,Chemung,36015,218.1,407
NY,Chenango,36017,56.5,894
NY,Clinton,36019,79.1,1038
NY,Columbia,36021,99.4,635
NY,Cortland,36023,98.9,499
NY,Delaware,36025,33.3,1442
NY,Dutchess,36027,373.9,796
NY,Erie,36029,881.4,1043
NY,Essex,36031,21.9,1794
NY,Franklin,36033,31.7,1629
NY,Fulton,36035,112.1,495
NY,Genesee,36037,121.9,493
NY,Greene,36039,76.1,647
NY,Hamilton,36041,2.8,1717
NY,Herkimer,36043,45.7,1411
NY,Jefferson,36045,91.6,1269
NY,Kings,36047,35369.1,71
NY,Lewis,36049,21.3,1275
NY,Livingston,36051,103.5,632
NY,Madison,36053,112.2,655
NY,Monroe,36055,1132.6,657
NY,Montgomery,36057,124.6,403
NY,Nassau,36059,4704.8,285
NY,New York,36061,69467.5,23
NY,Niagara,36063,414.4,522
NY,Oneida,36065,193.7,1212
NY,Onondaga,36067,600,778
NY,Ontario,36069,167.6,644
NY,Orange,36071,459.3,812
NY,Orleans,36073,109.6,391
NY,Oswego,36075,128.3,952
NY,Otsego,36077,62.2,1002
NY,Putnam,36079,432.9,230
NY,Queens,36081,20553.6,109
NY,Rensselaer,36083,244.4,652
NY,Richmond,36085,8030.3,58
NY,Rockland,36087,1795.9,174
NY,St. Lawrence,36089,41.8,2680
NY,Saratoga,36091,271.1,810
NY,Schenectady,36093,756.6,205
NY,Schoharie,36095,52.7,622
NY,Schuyler,36097,55.9,328
NY,Seneca,36099,108.9,324
NY,Steuben,36101,71.2,1391
NY,Suffolk,36103,1637.4,912
NY,Sullivan,36105,80.1,968
NY,Tioga,36107,98.6,519
NY,Tompkins,36109,214,475
NY,Ulster,36111,162.3,1124
NY,Warren,36113,75.8,867
NY,Washington,36115,76.1,831
NY,Wayne,36117,155.3,604
NY,Westchester,36119,2204.7,431
NY,Wyoming,36121,71.1,593
NY,Yates,36123,75,338
NC,Alamance,37001,356.5,424
NC,Alexander,37003,143.1,260
NC,Alleghany,37005,47.5,235
NC,Anson,37007,50.7,531
NC,Ashe,37009,64,426
NC,Avery,37011,72,247
NC,Beaufort,37013,57.7,827
NC,Bertie,37015,30.4,699
NC,Bladen,37017,40.2,874
NC,Brunswick,37019,126.8,847
NC,Buncombe,37021,362.9,657
NC,Burke,37023,179.3,507
NC,Cabarrus,37025,492.1,362
NC,Caldwell,37027,176.1,472
NC,Camden,37029,41.5,241
NC,Carteret,37031,131.3,506
NC,Caswell,37033,55.8,425
NC,Catawba,37035,387.1,399
NC,Chatham,37037,93.1,682
NC,Cherokee,37039,60.3,455
NC,Chowan,37041,85.8,172
NC,Clay,37043,49.3,215
NC,Cleveland,37045,211.3,464
NC,Columbus,37047,62,937
NC,Craven,37049,146,709
NC,Cumberland,37051,489.7,652
NC,Currituck,37053,89.9,262
NC,Dare,37055,88.5,383
NC,Davidson,37057,294.7,553
NC,Davie,37059,156.2,264
NC,Duplin,37061,71.7,816
NC,Durham,37063,935.7,286
NC,Edgecombe,37065,111.9,505
NC,Forsyth,37067,859.2,408
NC,Franklin,37069,123.3,492
NC,Gaston,37071,578.8,356
NC,Gates,37073,35.8,340
NC,Graham,37075,30.3,292
NC,Granville,37077,112.7,532
NC,Greene,37079,80.3,266
NC,Guilford,37081,756.4,646
NC,Halifax,37083,75.5,724
NC,Harnett,37085,192.7,595
NC,Haywood,37087,106.6,554
NC,Henderson,37089,286.1,373
NC,Hertford,37091,69.9,353
NC,Hoke,37093,120.2,391
NC,Hyde,37095,9.5,613
NC,Iredell,37097,277.8,574
NC,Jackson,37099,82.1,491
NC,Johnston,37101,213.4,791
NC,Jones,37103,21.6,471
NC,Lee,37105,227,255
NC,Lenoir,37107,148.5,401
NC,Lincoln,37109,262.7,298
NC,McDowell,37111,102.1,441
NC,Macon,37113,65.8,516
NC,Madison,37115,46.2,450
NC,Martin,37117,53.1,461
NC,Mecklenburg,37119,1755.5,524
NC,Mitchell,37121,70.4,221
NC,Montgomery,37123,56.5,492
NC,Moore,37125,126.5,698
NC,Nash,37127,177.3,540
NC,New Hanover,37129,1058.1,192
NC,Northampton,37131,41.2,537
NC,Onslow,37133,233.1,763
NC,Orange,37135,336.2,398
NC,Pamlico,37137,39.1,337
NC,Pasquotank,37139,179.2,227
NC,Pender,37141,60,870
NC,Perquimans,37143,54.4,247
NC,Person,37145,100.6,392
NC,Pitt,37147,257.9,652
NC,Polk,37149,86.3,238
NC,Randolph,37151,181.1,783
NC,Richmond,37153,98.4,474
NC,Robeson,37155,141.3,949
NC,Rockingham,37157,165.6,566
NC,Rowan,37159,270.7,511
NC,Rutherford,37161,120.2,564
NC,Sampson,37163,67.1,945
NC,Scotland,37165,113.4,319
NC,Stanly,37167,153.3,395
NC,Stokes,37169,105.6,449
NC,Surry,37171,138.4,532
NC,Swain,37173,26.5,528
NC,Transylvania,37175,87.4,379
NC,Tyrrell,37177,11.3,389
NC,Union,37179,318.7,632
NC,Vance,37181,179.2,254
NC,Wake,37183,1078.8,835
NC,Warren,37185,48.9,428
NC,Washington,37187,38,348
NC,Watauga,37189,163.4,313
NC,Wayne,37191,221.7,553
NC,Wilkes,37193,91.9,754
NC,Wilson,37195,220.6,368
NC,Yadkin,37197,114.7,335
NC,Yancey,37199,57,313
ND,Adams,38001,2.4,988
ND,Barnes,38003,7.4,1492
ND,Benson,38005,4.8,1389
ND,Billings,38007,0.7,1149
ND,Bottineau,38009,3.9,1668
ND,Bowman,38011,2.7,1162
ND,Burke,38013,1.8,1104
ND,Burleigh,38015,49.8,1633
ND,Cass,38017,84.9,1765
ND,Cavalier,38019,2.7,1489
ND,Dickey,38021,4.7,1131
ND,Divide,38023,1.6,1261
ND,Dunn,38025,1.8,2008
ND,Eddy,38027,3.8,630
ND,Emmons,38029,2.4,1510
ND,Foster,38031,5.3,635
ND,Golden Valley,38033,1.7,1001
ND,Grand Forks,38035,46.5,1436
ND,Grant,38037,1.4,1659
ND,Griggs,38039,3.4,709
ND,Hettinger,38041,2.2,1132
ND,Kidder,38043,1.8,1351
ND,LaMoure,38045,3.6,1146
ND,Logan,38047,2,993
ND,McHenry,38049,2.9,1874
ND,McIntosh,38051,2.9,975
ND,McKenzie,38053,2.3,2760
ND,McLean,38055,4.2,2111
ND,Mercer,38057,8.1,1043
ND,Morton,38059,14.3,1926
ND,Mountrail,38061,4.2,1825
ND,Nelson,38063,3.2,982
ND,Oliver,38065,2.6,723
ND,Pembina,38067,6.6,1119
ND,Pierce,38069,4.3,1019
ND,Ramsey,38071,9.6,1187
ND,Ransom,38073,6.3,862
ND,Renville,38075,2.8,877
ND,Richland,38077,11.4,1436
ND,Rolette,38079,15.4,903
ND,Sargent,38081,4.5,859
ND,Sheridan,38083,1.4,972
ND,Sioux,38085,3.8,1094
ND,Slope,38087,0.6,1215
ND,Stark,38089,18.1,1335
ND,Steele,38091,2.8,712
ND,Stutsman,38093,9.5,2222
ND,Towner,38095,2.2,1025
ND,Traill,38097,9.4,862
ND,Walsh,38099,8.7,1282
ND,Ward,38101,30.6,2013
ND,Wells,38103,3.3,1271
ND,Williams,38105,10.8,2077
OH,Adams,39001,48.9,584
OH,Allen,39003,264.2,403
OH,Ashland,39005,125.6,423
OH,Ashtabula,39007,144.6,702
OH,Athens,39009,128.6,504
OH,Auglaize,39011,114.5,401
OH,Belmont,39013,132.3,532
OH,Brown,39015,91.5,490
OH,Butler,39017,788.2,467
OH,Carroll,39019,73.1,395
OH,Champaign,39021,93.5,429
OH,Clark,39023,348,397
OH,Clermont,39025,436.5,452
OH,Clinton,39027,102.9,409
OH,Columbiana,39029,202.7,532
OH,Coshocton,39031,65.4,564
OH,Crawford,39033,109,402
OH,Cuyahoga,39035,2800,457
OH,Darke,39037,88.5,598
OH,Defiance,39039,94.9,411
OH,Delaware,39041,393.2,443
OH,Erie,39043,306.4,252
OH,Fairfield,39045,289.8,504
OH,Fayette,39047,71.4,406
OH,Franklin,39049,2186.1,532
OH,Fulton,39051,105.3,405
OH,Gallia,39053,66.3,467
OH,Geauga,39055,233.4,400
OH,Greene,39057,390.5,414
OH,Guernsey,39059,76.8,522
OH,Hamilton,39061,1976.7,406
OH,Hancock,39063,140.7,531
OH,Hardin,39065,68.1,470
OH,Harrison,39067,39.4,402
OH,Henry,39069,67.8,416
OH,Highland,39071,78.8,553
OH,Hocking,39073,69.7,421
OH,Holmes,39075,100.3,423
OH,Huron,39077,121.3,492
OH,Jackson,39079,79,420
OH,Jefferson,39081,170.7,408
OH,Knox,39083,115.9,525
OH,Lake,39085,1011.2,227
OH,Lawrence,39087,137.7,453
OH,Licking,39089,243.9,683
OH,Logan,39091,100,458
OH,Lorain,39093,613.6,491
OH,Lucas,39095,1296.2,341
OH,Madison,39097,93.2,466
OH,Mahoning,39099,580.2,412
OH,Marion,39101,164.7,404
OH,Medina,39103,409,421
OH,Meigs,39105,55.3,430
OH,Mercer,39107,88.3,462
OH,Miami,39109,252.1,407
OH,Monroe,39111,32.1,456
OH,Montgomery,39113,1159.5,462
OH,Morgan,39115,36.2,416
OH,Morrow,39117,85.8,406
OH,Muskingum,39119,129.5,665
OH,Noble,39121,36.8,398
OH,Ottawa,39123,162.5,255
OH,Paulding,39125,47.1,416
OH,Perry,39127,88.4,408
OH,Pickaway,39129,111.1,501
OH,Pike,39131,65.2,440
OH,Portage,39133,331.2,487
OH,Preble,39135,99.7,424
OH,Putnam,39137,71.5,483
OH,Richland,39139,251.3,495
OH,Ross,39141,113.3,689
OH,Sandusky,39143,149.2,408
OH,Scioto,39145,130.3,610
OH,Seneca,39147,103,551
OH,Shelby,39149,121.2,408
OH,Stark,39151,652.9,575
OH,Summit,39153,1312.6,413
OH,Trumbull,39155,340.1,618
OH,Tuscarawas,39157,163.1,568
OH,Union,39159,121.1,432
OH,Van Wert,39161,70.3,409
OH,Vinton,39163,32.6,412
OH,Warren,39165,530,401
OH,Washington,39167,97.8,632
OH,Wayne,39169,206.4,555
OH,Williams,39171,89.4,421
OH,Wood,39173,203.3,617
OH,Wyandot,39175,55.6,407
OK,Adair,40001,39.6,573
OK,Alfalfa,40003,6.5,866
OK,Atoka,40005,14.5,976
OK,Beaver,40007,3.1,1815
OK,Beckham,40009,24.5,902
OK,Blaine,40011,12.9,928
OK,Bryan,40013,46.9,904
OK,Caddo,40015,23.2,1278
OK,Canadian,40017,128.9,897
OK,Carter,40019,57.8,822
OK,Cherokee,40021,62.7,749
OK,Choctaw,40023,19.7,770
OK,Cimarron,40025,1.3,1835
OK,Cleveland,40027,474.7,539
OK,Coal,40029,11.5,517
OK,Comanche,40031,116.1,1069
OK,Cotton,40033,9.8,633
OK,Craig,40035,19.7,761
OK,Creek,40037,73.6,950
OK,Custer,40039,27.8,989
OK,Delaware,40041,56.2,738
OK,Dewey,40043,4.8,999
OK,Ellis,40045,3.4,1232
OK,Garfield,40047,57.2,1058
OK,Garvin,40049,34.4,802
OK,Grady,40051,47.6,1101
OK,Grant,40053,4.5,1001
OK,Greer,40055,9.8,639
OK,Harmon,40057,5.4,537
OK,Harper,40059,3.5,1039
OK,Haskell,40061,22.1,577
OK,Hughes,40063,17.4,805
OK,Jackson,40065,32.9,803
OK,Jefferson,40067,8.5,759
OK,Johnston,40069,17,643
OK,Kay,40071,50.6,920
OK,Kingfisher,40073,16.7,898
OK,Kiowa,40075,9.3,1015
OK,Latimer,40077,15.4,722
OK,Le Flore,40079,31.7,1589
OK,Lincoln,40081,36,952
OK,Logan,40083,56.3,744
OK,Love,40085,18.3,514
OK,McClain,40087,60.5,571
OK,McCurtain,40089,17.9,1850
OK,McIntosh,40091,32.7,619
OK,Major,40093,7.9,955
OK,Marshall,40095,42.7,371
OK,Mayes,40097,63,655
OK,Murray,40099,32.4,416
OK,Muskogee,40101,87.6,810
OK,Noble,40103,15.8,732
OK,Nowata,40105,18.6,566
OK,Okfuskee,40107,19.7,619
OK,Oklahoma,40109,1013.8,709
OK,Okmulgee,40111,57.5,697
OK,Osage,40113,21.1,2246
OK,Ottawa,40115,67.6,471
OK,Pawnee,40117,29.2,568
OK,Payne,40119,113,685
OK,Pittsburg,40121,35.1,1305
OK,Pontotoc,40123,52,720
OK,Pottawatomie,40125,88.2,788
OK,Pushmataha,40127,8.3,1396
OK,Roger Mills,40129,3.2,1141
OK,Rogers,40131,128.6,676
OK,Seminole,40133,40.3,633
OK,Sequoyah,40135,63,673
OK,Stephens,40137,51.8,870
OK,Texas,40139,10.1,2041
OK,Tillman,40141,9.2,871
OK,Tulsa,40143,1058.1,570
OK,Wagoner,40145,130.1,562
OK,Washington,40147,122.7,415
OK,Washita,40149,11.6,1003
OK,Woods,40151,6.9,1286
OK,Woodward,40153,16.2,1242
OR,Baker,41001,5.3,3068
OR,Benton,41003,126.6,676
OR,Clackamas,41005,201,1870
OR,Clatsop,41007,44.7,829
OR,Columbia,41009,75.1,657
OR,Coos,41011,39.5,1596
OR,Crook,41013,7,2979
OR,Curry,41015,13.7,1627
OR,Deschutes,41017,52.3,3018
OR,Douglas,41019,21.4,5036
OR,Gilliam,41021,1.6,1205
OR,Grant,41023,1.6,4529
OR,Harney,41025,0.7,10133
OR,Hood River,41027,42.8,522
OR,Jackson,41029,73,2784
OR,Jefferson,41031,12.2,1781
OR,Josephine,41033,50.4,1640
OR,Klamath,41035,11.2,5941
OR,Lake,41037,1,8139
OR,Lane,41039,77.2,4553
OR,Lincoln,41041,47,980
OR,Linn,41043,50.9,2290
OR,Malheur,41045,3.2,9888
OR,Marion,41047,266.7,1182
OR,Morrow,41049,5.5,2032
OR,Multnomah,41051,1704.9,431
OR,Polk,41053,101.8,741
OR,Sherman,41055,2.1,824
OR,Tillamook,41057,22.9,1103
OR,Umatilla,41059,23.6,3216
OR,Union,41061,12.6,2037
OR,Wallowa,41063,2.2,3146
OR,Wasco,41065,10.6,2382
OR,Washington,41067,731.4,724
OR,Wheeler,41069,0.8,1715
OR,Yamhill,41071,138.6,716
PA,Adams,42001,195.5,519
PA,Allegheny,42003,1675.6,730
PA,Armstrong,42005,105.5,653
PA,Beaver,42007,392.3,435
PA,Bedford,42009,49.2,1012
PA,Berks,42011,480.4,857
PA,Blair,42013,241.7,526
PA,Bradford,42015,54.6,1147
PA,Bucks,42017,1034.7,604
PA,Butler,42019,233.1,789
PA,Cambria,42021,208.7,688
PA,Cameron,42023,12.8,396
PA,Carbon,42025,171.1,381
PA,Centre,42027,138.7,1110
PA,Chester,42029,664.7,751
PA,Clarion,42031,66.6,601
PA,Clearfield,42033,71.3,1145
PA,Clinton,42035,44.2,888
PA,Columbia,42037,139.3,483
PA,Crawford,42039,87.7,1012
PA,Cumberland,42041,431.6,545
PA,Dauphin,42043,510.6,525
PA,Delaware,42045,3040.5,184
PA,Elk,42047,38.6,827
PA,Erie,42049,351.1,799
PA,Fayette,42051,172.8,790
PA,Forest,42053,18.1,427
PA,Franklin,42055,193.7,772
PA,Fulton,42057,33.9,438
PA,Greene,42059,67.2,576
PA,Huntingdon,42061,52.5,875
PA,Indiana,42063,107.5,827
PA,Jefferson,42065,69.3,652
PA,Juniata,42067,63,391
PA,Lackawanna,42069,467.1,459
PA,Lancaster,42071,550.4,944
PA,Lawrence,42073,254.4,358
PA,Lebanon,42075,369.1,362
PA,Lehigh,42077,1012.5,345
PA,Luzerne,42079,360.4,890
PA,Lycoming,42081,94.5,1229
PA,McKean,42083,44.4,979
PA,Mercer,42085,173.4,673
PA,Mifflin,42087,113.6,411
PA,Monroe,42089,279.2,608
PA,Montgomery,42091,1655.9,483
PA,Montour,42093,140.3,130
PA,Northampton,42095,805.4,370
PA,Northumberland,42097,206.2,458
PA,Perry,42099,83.4,551
PA,Philadelphia,42101,11379.5,134
PA,Pike,42103,105.3,545
PA,Potter,42105,16.1,1081
PA,Schuylkill,42107,190.4,779
PA,Snyder,42109,120.8,329
PA,Somerset,42111,72.4,1074
PA,Sullivan,42113,14.3,450
PA,Susquehanna,42115,52.7,823
PA,Tioga,42117,37,1134
PA,Union,42119,142.2,316
PA,Venango,42121,81.5,674
PA,Warren,42123,47.3,884
PA,Washington,42125,242.5,857
PA,Wayne,42127,72.8,726
PA,Westmoreland,42129,355.4,1028
PA,Wyoming,42131,71.2,397
PA,York,42133,481.1,904
RI,Bristol,44001,2064,24
RI,Kent,44003,985.9,169
RI,Newport,44005,809.6,102
RI,Providence,44007,1530.3,410
RI,Washington,44009,385.7,329
SC,Abbeville,45001,51.8,490
SC,Aiken,45003,149.5,1071
SC,Allendale,45005,25.5,408
SC,Anderson,45007,261.6,715
SC,Bamberg,45009,40.6,393
SC,Barnwell,45011,41.2,548
SC,Beaufort,45013,281.5,576
SC,Berkeley,45015,161.8,1099
SC,Calhoun,45017,39.8,381
SC,Charleston,45019,382.3,916
SC,Cherokee,45021,140.9,393
SC,Chester,45023,57.1,581
SC,Chesterfield,45025,58.5,799
SC,Clarendon,45027,57.6,607
SC,Colleton,45029,36.8,1056
SC,Darlington,45031,122.4,561
SC,Dillon,45033,79.2,405
SC,Dorchester,45035,238.2,573
SC,Edgefield,45037,53.9,500
SC,Fairfield,45039,34.9,686
SC,Florence,45041,171.1,800
SC,Georgetown,45043,73.9,814
SC,Greenville,45045,574.7,785
SC,Greenwood,45047,153.2,455
SC,Hampton,45049,37.7,560
SC,Horry,45051,237.5,1134
SC,Jasper,45053,37.8,655
SC,Kershaw,45055,84.9,727
SC,Lancaster,45057,139.6,549
SC,Laurens,45059,93.2,714
SC,Lee,45061,46.9,410
SC,Lexington,45063,375.4,699
SC,McCormick,45065,28.5,359
SC,Marion,45067,67.6,489
SC,Marlboro,45069,60.3,480
SC,Newberry,45071,59.5,630
SC,Oconee,45073,118.6,626
SC,Orangeburg,45075,83.6,1106
SC,Pickens,45077,240.2,496
SC,Richland,45079,507.9,757
SC,Saluda,45081,43.9,453
SC,Spartanburg,45083,351.9,808
SC,Sumter,45085,161.6,665
SC,Union,45087,56.3,514
SC,Williamsburg,45089,36.8,934
SC,York,45091,332.2,681
SD,Aurora,46003,3.8,708
SD,Beadle,46005,13.8,1259
SD,Bennett,46007,2.9,1185
SD,Bon Homme,46009,12.5,564
SD,Brookings,46011,40.3,792
SD,Brown,46013,21.3,1713
SD,Brule,46015,6.4,817
SD,Buffalo,46017,4.1,471
SD,Butte,46019,4.5,2250
SD,Campbell,46021,2,734
SD,Charles Mix,46023,8.3,1097
SD,Clark,46025,3.9,958
SD,Clay,46027,33.6,412
SD,Codington,46029,39.5,689
SD,Corson,46031,1.6,2470
SD,Custer,46033,5.3,1557
SD,Davison,46035,44.8,436
SD,Day,46037,5.6,1028
SD,Deuel,46039,7,623
SD,Dewey,46041,2.3,2302
SD,Douglas,46043,7,432
SD,Edmunds,46045,3.6,1126
SD,Fall River,46047,4.1,1740
SD,Faulk,46049,2.4,982
SD,Grant,46051,10.8,681
SD,Gregory,46053,4.2,1015
SD,Haakon,46055,1.1,1811
SD,Hamlin,46057,11.6,507
SD,Hand,46059,2.4,1437
SD,Hanson,46061,7.7,435
SD,Harding,46063,0.5,2671
SD,Hughes,46065,23,742
SD,Hutchinson,46067,9,813
SD,Hyde,46069,1.7,861
SD,Jackson,46071,1.6,1864
SD,Jerauld,46073,3.9,526
SD,Jones,46075,1,970
SD,Kingsbury,46077,6.2,832
SD,Lake,46079,19.9,563
SD,Lawrence,46081,30.1,800
SD,Lincoln,46083,77.7,577
SD,Lyman,46085,2.3,1642
SD,McCook,46087,9.8,574
SD,McPherson,46089,2.2,1137
SD,Marshall,46091,5.6,838
SD,Meade,46093,7.3,3471
SD,Mellette,46095,1.6,1307
SD,Miner,46097,4.2,570
SD,Minnehaha,46099,210,807
SD,Moody,46101,12.5,519
SD,Oglala Lakota,46102,6.5,2094
SD,Pennington,46103,36.4,2777
SD,Perkins,46105,1,2870
SD,Potter,46107,2.7,861
SD,Roberts,46109,9.2,1101
SD,Sanborn,46111,4.1,569
SD,Spink,46115,4.3,1504
SD,Stanley,46117,2.1,1444
SD,Sully,46119,1.4,1007
SD,Todd,46121,6.9,1389
SD,Tripp,46123,3.5,1612
SD,Turner,46125,13.5,617
SD,Union,46127,31.3,461
SD,Walworth,46129,7.7,709
SD,Yankton,46135,43.1,521
SD,Ziebach,46137,1.4,1961
TN,Anderson,47001,222.8,337
TN,Bedford,47003,95.1,474
TN,Benton,47005,41.8,394
TN,Bledsoe,47007,31.7,406
TN,Blount,47009,220.2,559
TN,Bradley,47011,301,329
TN,Campbell,47013,84.8,480
TN,Cannon,47015,52,266
TN,Carroll,47017,47.6,599
TN,Carter,47019,168.3,341
TN,Cheatham,47021,129.3,302
TN,Chester,47023,60,286
TN,Claiborne,47025,74.1,435
TN,Clay,47027,33.2,237
TN,Cocke,47029,82.1,435
TN,Coffee,47031,123.1,429
TN,Crockett,47033,54.9,266
TN,Cumberland,47035,82.3,681
TN,Davidson,47037,1243.3,504
TN,Decatur,47039,35.2,334
TN,DeKalb,47041,61.5,304
TN,Dickson,47043,101.4,490
TN,Dyer,47045,74.8,512
TN,Fayette,47047,54.5,705
TN,Fentress,47049,36,499
TN,Franklin,47051,74,555
TN,Gibson,47053,82.4,603
TN,Giles,47055,48.3,611
TN,Grainger,47057,80.7,281
TN,Greene,47059,110.6,622
TN,Grundy,47061,38,361
TN,Hamblen,47063,388,161
TN,Hamilton,47065,620.3,542
TN,Hancock,47067,30.7,222
TN,Hardeman,47069,40.8,668
TN,Hardin,47071,45.1,577
TN,Hawkins,47073,116.7,487
TN,Haywood,47075,35.2,533
TN,Henderson,47077,53.4,520
TN,Henry,47079,57.5,562
TN,Hickman,47081,40.3,613
TN,Houston,47083,42.1,200
TN,Humphreys,47085,34.9,531
TN,Jackson,47087,37.7,308
TN,Jefferson,47089,187.6,274
TN,Johnson,47091,61.1,298
TN,Knox,47093,850.5,508
TN,Lake,47095,47.2,166
TN,Lauderdale,47097,58.9,472
TN,Lawrence,47099,67.8,617
TN,Lewis,47101,43.1,282
TN,Lincoln,47103,58.5,570
TN,Loudon,47105,211.8,229
TN,McMinn,47107,121.5,430
TN,McNairy,47109,46.3,563
TN,Macon,47111,72.4,307
TN,Madison,47113,176.4,557
TN,Marion,47115,56.7,498
TN,Marshall,47117,81.5,375
TN,Maury,47119,132,613
TN,Meigs,47121,60.2,195
TN,Monroe,47123,70,636
TN,Montgomery,47125,319.6,539
TN,Moore,47127,49.2,129
TN,Morgan,47129,42.1,522
TN,Obion,47131,58.4,545
TN,Overton,47133,50.9,433
TN,Perry,47135,19.1,415
TN,Pickett,47137,31.2,163
TN,Polk,47139,38.7,435
TN,Putnam,47141,180.3,401
TN,Rhea,47143,100.9,315
TN,Roane,47145,150.2,361
TN,Robertson,47147,139.2,476
TN,Rutherford,47149,424,619
TN,Scott,47151,41.8,532
TN,Sequatchie,47153,53.1,266
TN,Sevier,47155,151.7,593
TN,Shelby,47157,1215.5,763
TN,Smith,47159,61,314
TN,Stewart,47161,29,459
TN,Sullivan,47163,379.4,413
TN,Sumner,47165,303.4,529
TN,Tipton,47167,133.3,458
TN,Trousdale,47169,68.9,114
TN,Unicoi,47171,98.4,186
TN,Union,47173,85.5,224
TN,Van Buren,47175,20.3,273
TN,Warren,47177,92.1,433
TN,Washington,47179,376.7,326
TN,Wayne,47181,23.2,734
TN,Weakley,47183,60.3,580
TN,White,47185,68.6,377
TN,Williamson,47187,314.4,583
TN,Wilson,47189,199.7,571
TX,Anderson,48001,55,1063
TX,Andrews,48003,9.9,1501
TX,Angelina,48005,108.8,798
TX,Aransas,48007,91.9,252
TX,Archer,48009,10,903
TX,Armstrong,48011,2.1,909
TX,Atascosa,48013,36.8,1220
TX,Austin,48015,44,647
TX,Bailey,48017,8.7,827
TX,Bandera,48019,25.9,791
TX,Bastrop,48021,83.5,888
TX,Baylor,48023,4.3,867
TX,Bee,48025,36.2,880
TX,Bell,48027,295.2,1051
TX,Bexar,48029,1383.1,1240
TX,Blanco,48031,14.8,709
TX,Borden,48033,0.7,897
TX,Bosque,48035,18.5,983
TX,Bowie,48037,104.6,885
TX,Brazoria,48039,230.7,1358
TX,Brazos,48041,332.8,585
TX,Brewster,48043,1.5,6184
TX,Briscoe,48045,1.8,900
TX,Brooks,48047,7.7,943
TX,Brown,48049,40.3,944
TX,Burleson,48051,26.1,659
TX,Burnet,48053,43,994
TX,Caldwell,48055,69.8,545
TX,Calhoun,48057,42.2,507
TX,Callahan,48059,15.1,899
TX,Cameron,48061,456,891
TX,Camp,48063,63.3,196
TX,Carson,48065,6.7,920
TX,Cass,48067,32.5,937
TX,Castro,48069,9,894
TX,Chambers,48071,58.8,597
TX,Cherokee,48073,48.3,1053
TX,Childress,48075,10.1,696
TX,Clay,48077,9.9,1089
TX,Cochran,48079,4,775
TX,Coke,48081,3.6,911
TX,Coleman,48083,7,1262
TX,Collin,48085,930,841
TX,Collingsworth,48087,3.3,918
TX,Colorado,48089,21.7,960
TX,Comal,48091,193.9,559
TX,Comanche,48093,14.9,938
TX,Concho,48095,4.2,984
TX,Cooke,48097,43.9,875
TX,Coryell,48099,71.7,1052
TX,Cottle,48101,1.7,901
TX,Crane,48103,5.6,785
TX,Crockett,48105,1.3,2807
TX,Crosby,48107,6.7,900
TX,Culberson,48109,0.6,3813
TX,Dallam,48111,4.5,1503
TX,Dallas,48113,2718,871
TX,Dawson,48115,15.4,900
TX,Deaf Smith,48117,12.9,1497
TX,Delta,48119,20.4,257
TX,Denton,48121,754.3,878
TX,DeWitt,48123,22.1,909
TX,Dickens,48125,2.7,902
TX,Dimmit,48127,7.5,1329
TX,Donley,48129,4,927
TX,Duval,48131,6.6,1793
TX,Eastland,48133,20.1,926
TX,Ector,48135,152.8,898
TX,Edwards,48137,0.9,2118
TX,Ellis,48139,159.9,935
TX,El Paso,48141,790.6,1013
TX,Erath,48143,35,1083
TX,Falls,48145,23.3,765
TX,Fannin,48147,38.1,891
TX,Fayette,48149,25.8,950
TX,Fisher,48151,4.4,899
TX,Floyd,48153,6.5,992
TX,Foard,48155,1.9,704
TX,Fort Bend,48157,679.5,861
TX,Franklin,48159,37.3,284
TX,Freestone,48161,22.6,878
TX,Frio,48163,15.2,1134
TX,Gaines,48165,11.7,1502
TX,Galveston,48167,769.9,378
TX,Garza,48169,7.2,893
TX,Gillespie,48171,23.5,1058
TX,Glasscock,48173,1.4,900
TX,Goliad,48175,8.5,852
TX,Gonzales,48177,18.6,1067
TX,Gray,48179,24.3,926
TX,Grayson,48181,129.6,933
TX,Gregg,48183,445.4,273
TX,Grimes,48185,33.8,787
TX,Guadalupe,48187,184.9,711
TX,Hale,48189,36.1,1005
TX,Hall,48191,3.8,883
TX,Hamilton,48193,10.2,836
TX,Hansford,48195,6.1,920
TX,Hardeman,48197,6,695
TX,Hardin,48199,61.3,891
TX,Harris,48201,2402.4,1703
TX,Harrison,48203,72.9,900
TX,Hartley,48205,4.1,1462
TX,Haskell,48207,6.5,903
TX,Hays,48209,231.7,678
TX,Hemphill,48211,4.2,906
TX,Henderson,48213,89.9,874
TX,Hidalgo,48215,493.2,1571
TX,Hill,48217,36.6,959
TX,Hockley,48219,25.2,908
TX,Hood,48221,121.7,421
TX,Hopkins,48223,45.8,767
TX,Houston,48225,19.3,1231
TX,Howard,48227,38.9,901
TX,Hudspeth,48229,0.8,4571
TX,Hunt,48231,102.5,840
TX,Hutchinson,48233,25,887
TX,Irion,48235,1.5,1052
TX,Jack,48237,9.9,911
TX,Jackson,48239,17,829
TX,Jasper,48241,38,939
TX,Jeff Davis,48243,1,2265
TX,Jefferson,48245,287.9,876
TX,Jim Hogg,48247,4.7,1136
TX,Jim Wells,48249,47.2,865
TX,Johnson,48251,208.3,725
TX,Jones,48253,21.8,929
TX,Karnes,48255,19.8,748
TX,Kaufman,48257,132.4,781
TX,Kendall,48259,50.4,662
TX,Kenedy,48261,0.3,1458
TX,Kent,48263,0.9,903
TX,Kerr,48265,45,1103
TX,Kimble,48267,3.7,1251
TX,King,48269,0.3,911
TX,Kinney,48271,2.6,1360
TX,Kleberg,48273,36.4,881
TX,Knox,48275,4.4,851
TX,Lamar,48277,54.9,907
TX,Lamb,48279,13.8,1016
TX,Lampasas,48281,27.6,713
TX,La Salle,48283,4.6,1487
TX,Lavaca,48285,19.9,970
TX,Lee,48287,26.4,629
TX,Leon,48289,15.7,1073
TX,Liberty,48291,65.3,1158
TX,Limestone,48293,25.8,905
TX,Lipscomb,48295,3.5,932
TX,Live Oak,48297,11.1,1040
TX,Llano,48299,20.7,934
TX,Loving,48301,0.1,669
TX,Lubbock,48303,311.3,896
TX,Lynn,48305,6.6,892
TX,McCulloch,48307,7.8,1066
TX,McLennan,48309,226.5,1037
TX,McMullen,48311,0.6,1139
TX,Madison,48313,29.3,466
TX,Marion,48315,27.7,381
TX,Martin,48317,5.2,915
TX,Mason,48319,4.3,929
TX,Matagorda,48321,33.4,1100
TX,Maverick,48323,42.4,1279
TX,Medina,48325,34.7,1325
TX,Menard,48327,2.5,902
TX,Midland,48329,152,900
TX,Milam,48331,24.3,1017
TX,Mills,48333,6.6,748
TX,Mitchell,48335,10.3,911
TX,Montague,48337,21.2,931
TX,Montgomery,48339,437.5,1042
TX,Moore,48341,24.3,900
TX,Morris,48343,51.3,252
TX,Motley,48345,1.2,990
TX,Nacogdoches,48347,68.2,947
TX,Navarro,48349,47.3,1010
TX,Newton,48351,15.5,934
TX,Nolan,48353,16.7,912
TX,Nueces,48355,405.8,838
TX,Ochiltree,48357,11.1,918
TX,Oldham,48359,1.4,1501
TX,Orange,48361,245.3,334
TX,Palo Pinto,48363,29.5,952
TX,Panola,48365,29.7,802
TX,Parker,48367,129.4,903
TX,Parmer,48369,11.7,881
TX,Pecos,48371,3.3,4764
TX,Polk,48373,43,1057
TX,Potter,48375,133.3,908
TX,Presidio,48377,2,3855
TX,Rains,48379,47.6,229
TX,Randall,48381,132.4,912
TX,Reagan,48383,2.9,1175
TX,Real,48385,4.7,699
TX,Red River,48387,12.4,1037
TX,Reeves,48389,5.2,2635
TX,Refugio,48391,9.6,770
TX,Roberts,48393,1,924
TX,Robertson,48395,19.4,856
TX,Rockwall,48397,616.7,127
TX,Runnels,48399,10,1051
TX,Rusk,48401,57.7,924
TX,Sabine,48403,22,491
TX,San Augustine,48405,16.7,531
TX,San Jacinto,48407,46.3,569
TX,San Patricio,48409,93.5,693
TX,San Saba,48411,5.4,1135
TX,Schleicher,48413,2.6,1311
TX,Scurry,48415,18.7,905
TX,Shackelford,48417,3.7,914
TX,Shelby,48419,32,796
TX,Sherman,48421,3.3,923
TX,Smith,48423,227.6,921
TX,Somervell,48425,45.5,186
TX,Starr,48427,49.8,1223
TX,Stephens,48429,10.7,897
TX,Sterling,48431,1.2,923
TX,Stonewall,48433,1.6,916
TX,Sutton,48435,2.8,1454
TX,Swisher,48437,8.8,890
TX,Tarrant,48439,2094.7,864
TX,Taylor,48441,143.6,916
TX,Terrell,48443,0.4,2358
TX,Terry,48445,14.2,889
TX,Throckmorton,48447,1.8,913
TX,Titus,48449,79.6,406
TX,Tom Green,48451,72.4,1522
TX,Travis,48453,1034.4,990
TX,Trinity,48455,21,694
TX,Tyler,48457,23.5,925
TX,Upshur,48459,67.4,583
TX,Upton,48461,2.7,1241
TX,Uvalde,48463,17,1552
TX,Val Verde,48465,15.5,3145
TX,Van Zandt,48467,62.4,843
TX,Victoria,48469,98.4,882
TX,Walker,48471,86.5,784
TX,Waller,48473,84.1,513
TX,Ward,48475,12.8,836
TX,Washington,48477,55.8,604
TX,Webb,48479,74.5,3361
TX,Wharton,48481,38,1086
TX,Wheeler,48483,5.9,915
TX,Wichita,48485,209.5,628
TX,Wilbarger,48487,13.9,971
TX,Willacy,48489,37.5,591
TX,Williamson,48491,378,1118
TX,Wilson,48493,53.4,804
TX,Winkler,48495,8.5,841
TX,Wise,48497,65.4,904
TX,Wood,48499,65,645
TX,Yoakum,48501,9.9,800
TX,Young,48503,20.3,914
TX,Zapata,48505,14,998
TX,Zavala,48507,9,1297
UT,Beaver,49001,2.6,2590
UT,Box Elder,49003,8.7,5746
UT,Cache,49005,96.7,1165
UT,Carbon,49007,14.5,1478
UT,Daggett,49009,1.5,697
UT,Davis,49011,1025.8,299
UT,Duchesne,49013,5.7,3241
UT,Emery,49015,2.5,4462
UT,Garfield,49017,1,5175
UT,Grand,49019,2.5,3672
UT,Iron,49021,14,3297
UT,Juab,49023,3,3392
UT,Kane,49025,1.8,3990
UT,Millard,49027,1.9,6572
UT,Morgan,49029,15.5,609
UT,Piute,49031,2.1,758
UT,Rich,49033,2.2,1029
UT,Salt Lake,49035,1387.1,742
UT,San Juan,49037,1.9,7820
UT,Sanpete,49039,17.5,1590
UT,Sevier,49041,10.9,1911
UT,Summit,49043,19.4,1872
UT,Tooele,49045,8.4,6941
UT,Uintah,49047,7.3,4480
UT,Utah,49049,257.8,2003
UT,Wasatch,49051,20,1176
UT,Washington,49053,56.9,2426
UT,Wayne,49055,1.1,2461
UT,Weber,49057,401.4,576
VT,Addison,50001,48,766
VT,Bennington,50003,55,675
VT,Caledonia,50005,48.1,649
VT,Chittenden,50007,291.7,537
VT,Essex,50009,9.5,664
VT,Franklin,50011,75.3,634
VT,Grand Isle,50013,85.2,82
VT,Lamoille,50015,53.3,459
VT,Orange,50017,42.1,687
VT,Orleans,50019,39.3,693
VT,Rutland,50021,66.3,930
VT,Washington,50023,86.6,687
VT,Windham,50025,56.7,785
VT,Windsor,50027,58.5,969
VA,Accomack,51001,73.8,450
VA,Albemarle,51003,137.3,721
VA,Alleghany,51005,36.5,445
VA,Amelia,51007,35.7,355
VA,Amherst,51009,68.3,474
VA,Appomattox,51011,44.9,333
VA,Arlington,51013,7993.6,26
VA,Augusta,51015,76.3,967
VA,Bath,51017,8.9,529
VA,Bedford,51019,91.2,753
VA,Bland,51021,19.1,358
VA,Botetourt,51023,61.2,541
VA,Brunswick,51025,30.8,566
VA,Buchanan,51027,47.9,503
VA,Buckingham,51029,29.6,580
VA,Campbell,51031,108.8,504
VA,Caroline,51033,54.1,528
VA,Carroll,51035,63.3,475
VA,Charles City,51036,39.7,183
VA,Charlotte,51037,26.5,475
VA,Chesterfield,51041,747.1,423
VA,Clarke,51043,79.7,176
VA,Craig,51045,15.7,330
VA,Culpeper,51047,123.1,379
VA,Cumberland,51049,33.8,297
VA,Dickenson,51051,48.1,331
VA,Dinwiddie,51053,55.6,504
VA,Essex,51057,43.4,257
VA,Fairfax,51059,2766.8,391
VA,Fauquier,51061,100.7,647
VA,Floyd,51063,40.2,380
VA,Fluvanna,51065,89.8,286
VA,Franklin,51067,81.3,690
VA,Frederick,51069,189.4,414
VA,Giles,51071,48.6,356
VA,Gloucester,51073,169.2,218
VA,Goochland,51075,77.2,281
VA,Grayson,51077,35.1,442
VA,Greene,51079,117.8,156
VA,Greensville,51081,41.5,295
VA,Halifax,51083,44.3,818
VA,Hanover,51085,213.1,469
VA,Henrico,51087,1313.4,234
VA,Henry,51089,141.6,382
VA,Highland,51091,5.6,415
VA,Isle of Wight,51093,111.8,316
VA,James City,51095,470.4,142
VA,King and Queen,51097,22,315
VA,King George,51099,131.3,180
VA,King William,51101,58.2,274
VA,Lancaster,51103,85.5,133
VA,Lee,51105,58.8,436
VA,Loudoun,51107,605.8,516
VA,Louisa,51109,66.8,496
VA,Lunenburg,51111,29.9,432
VA,Madison,51113,41.5,321
VA,Mathews,51115,104.5,86
VA,Mecklenburg,51117,52.3,625
VA,Middlesex,51119,84.1,130
VA,Montgomery,51121,243.9,387
VA,Nelson,51125,31.9,471
VA,New Kent,51127,87.9,210
VA,Northampton,51131,58.5,212
VA,Northumberland,51133,64.5,191
VA,Nottoway,51135,50.4,314
VA,Orange,51137,98.2,341
VA,Page,51139,77.3,311
VA,Patrick,51141,38.3,483
VA,Pittsylvania,51143,65.5,969
VA,Powhatan,51145,107.8,260
VA,Prince Edward,51147,66.8,350
VA,Prince George,51149,134.7,265
VA,Prince William,51153,1195,336
VA,Pulaski,51155,109,320
VA,Rappahannock,51157,27.7,266
VA,Richmond,51159,48.3,191
VA,Roanoke,51161,368.7,251
VA,Rockbridge,51163,37.3,598
VA,Rockingham,51165,89.9,849
VA,Russell,51167,61,474
VA,Scott,51169,43.3,536
VA,Shenandoah,51171,82.5,509
VA,Smyth,51173,71.4,451
VA,Southampton,51175,31,599
VA,Spotsylvania,51177,304.9,402
VA,Stafford,51179,479.5,269
VA,Surry,51181,25.3,279
VA,Sussex,51183,24.7,490
VA,Tazewell,51185,86.9,519
VA,Warren,51187,176,213
VA,Washington,51191,97.8,561
VA,Westmoreland,51193,76.1,229
VA,Wise,51195,102.8,403
VA,Wythe,51197,63.3,462
VA,York,51199,624.8,105
VA,"Alexandria city, Virginia (County)",51510,9314.3,15
VA,"Bedford city, Virginia (County)",51515,904.6,7
VA,"Bristol city, Virginia (County)",51520,1370.6,13
VA,"Buena Vista city, Virginia (County)",51530,991.9,7
VA,"Charlottesville city, Virginia (County)",51540,4246.4,10
VA,"Chesapeake city, Virginia (County)",51550,652,341
VA,"Colonial Heights city, Virginia (County)",51570,2315.3,8
VA,"Covington city, Virginia (County)",51580,1090.2,5
VA,"Danville city, Virginia (County)",51590,1002.8,43
VA,"Emporia city, Virginia (County)",51595,859.7,7
VA,"Fairfax city, Virginia (County)",51600,3616.8,6
VA,"Falls Church city, Virginia (County)",51610,6169.1,2
VA,"Franklin city, Virginia (County)",51620,1045.8,8
VA,"Fredericksburg city, Virginia (County)",51630,2326.2,10
VA,"Galax city, Virginia (County)",51640,854.6,8
VA,"Hampton city, Virginia (County)",51650,2673.2,51
VA,"Harrisonburg city, Virginia (County)",51660,2808.2,17
VA,"Hopewell city, Virginia (County)",51670,2198,10
VA,"Lexington city, Virginia (County)",51678,2820.2,3
VA,"Lynchburg city, Virginia (County)",51680,1538.2,49
VA,"Manassas city, Virginia (County)",51683,3827.6,10
VA,"Manassas Park city, Virginia (County)",51685,5632.6,3
VA,"Martinsville city, Virginia (County)",51690,1261.5,11
VA,"Newport News city, Virginia (County)",51700,2630,69
VA,"Norfolk city, Virginia (County)",51710,4486.4,54
VA,"Norton city, Virginia (County)",51720,529.1,7
VA,"Petersburg city, Virginia (County)",51730,1413.7,23
VA,"Poquoson city, Virginia (County)",51735,793.2,15
VA,"Portsmouth city, Virginia (County)",51740,2838.8,34
VA,"Radford city, Virginia (County)",51750,1662.1,10
VA,"Richmond city, Virginia (County)",51760,3414.7,60
VA,"Roanoke city, Virginia (County)",51770,2279.8,43
VA,"Salem city, Virginia (County)",51775,1717.9,14
VA,"Staunton city, Virginia (County)",51790,1188.8,20
VA,"Suffolk city, Virginia (County)",51800,211.4,400
VA,"Virginia Beach city, Virginia (County)",51810,1758.9,249
VA,"Waynesboro city, Virginia (County)",51820,1396.8,15
VA,"Williamsburg city, Virginia (County)",51830,1559.3,9
VA,"Winchester city, Virginia (County)",51840,2838,9
WA,Adams,53001,9.7,1925
WA,Asotin,53003,34,636
WA,Benton,53005,103,1700
WA,Chelan,53007,24.8,2921
WA,Clallam,53009,41.1,1738
WA,Clark,53011,676.2,629
WA,Columbia,53013,4.7,869
WA,Cowlitz,53015,89.8,1140
WA,Douglas,53017,21.1,1819
WA,Ferry,53019,3.4,2203
WA,Franklin,53021,62.9,1242
WA,Garfield,53023,3.2,711
WA,Grant,53025,33.3,2680
WA,Grays Harbor,53027,38.3,1902
WA,Island,53029,376.6,208
WA,Jefferson,53031,16.6,1804
WA,King,53033,912.9,2116
WA,Kitsap,53035,635.9,395
WA,Kittitas,53037,17.8,2297
WA,Klickitat,53039,10.9,1871
WA,Lewis,53041,31.4,2403
WA,Lincoln,53043,4.6,2310
WA,Mason,53045,63.3,959
WA,Okanogan,53047,7.8,5268
WA,Pacific,53049,22.4,933
WA,Pend Oreille,53051,9.3,1400
WA,Pierce,53053,476.3,1670
WA,San Juan,53055,90.7,174
WA,Skagit,53057,67.5,1731
WA,Skamania,53059,6.7,1656
WA,Snohomish,53061,341.8,2087
WA,Spokane,53063,267.2,1764
WA,Stevens,53065,17.6,2478
WA,Thurston,53067,349.4,722
WA,Wahkiakum,53069,15.1,263
WA,Walla Walla,53071,46.3,1270
WA,Whatcom,53073,95.5,2107
WA,Whitman,53075,20.7,2159
WA,Yakima,53077,56.6,4295
WV,Barbour,54001,48.6,341
WV,Berkeley,54003,324.4,321
WV,Boone,54005,49.1,502
WV,Braxton,54007,28.4,511
WV,Brooke,54009,269.8,89
WV,Cabell,54011,342.8,281
WV,Calhoun,54013,27.3,279
WV,Clay,54015,27.5,342
WV,Doddridge,54017,25.7,320
WV,Fayette,54019,69.6,662
WV,Gilmer,54021,25.7,339
WV,Grant,54023,25,477
WV,Greenbrier,54025,34.8,1020
WV,Hampshire,54027,37.4,640
WV,Hancock,54029,371.3,83
WV,Hardy,54031,24.1,582
WV,Harrison,54033,166.1,416
WV,Jackson,54035,62.9,464
WV,Jefferson,54037,255.2,210
WV,Kanawha,54039,214.1,902
WV,Lewis,54041,42.5,385
WV,Lincoln,54043,49.7,437
WV,Logan,54045,81,454
WV,McDowell,54047,41.5,533
WV,Marion,54049,182.7,309
WV,Marshall,54051,108.4,305
WV,Mason,54053,63.4,431
WV,Mercer,54055,148.6,419
WV,Mineral,54057,86.1,328
WV,Mingo,54059,63.4,423
WV,Monongalia,54061,267.1,360
WV,Monroe,54063,28.6,473
WV,Morgan,54065,76.6,229
WV,Nicholas,54067,40.6,647
WV,Ohio,54069,420,106
WV,Pendleton,54071,11.1,696
WV,Pleasants,54073,58.5,130
WV,Pocahontas,54075,9.3,940
WV,Preston,54077,51.7,649
WV,Putnam,54079,160.5,346
WV,Raleigh,54081,130.3,605
WV,Randolph,54083,28.3,1040
WV,Ritchie,54085,23.1,452
WV,Roane,54087,30.9,484
WV,Summers,54089,38.6,360
WV,Taylor,54091,97.8,173
WV,Tucker,54093,17,419
WV,Tyler,54095,35.9,256
WV,Upshur,54097,68.4,355
WV,Wayne,54099,84,506
WV,Webster,54101,16.5,553
WV,Wetzel,54103,46.3,358
WV,Wirt,54105,24.6,233
WV,Wood,54107,237.4,366
WV,Wyoming,54109,47.6,499
WI,Adams,55001,32.3,646
WI,Ashland,55003,15.5,1045
WI,Barron,55005,53.2,863
WI,Bayfield,55007,10.2,1478
WI,Brown,55009,468.2,530
WI,Buffalo,55011,20.2,672
WI,Burnett,55013,18.8,822
WI,Calumet,55015,153.9,318
WI,Chippewa,55017,61.9,1008
WI,Clark,55019,28.7,1210
WI,Columbia,55021,74.2,766
WI,Crawford,55023,29.2,571
WI,Dane,55025,407.7,1197
WI,Dodge,55027,101.4,876
WI,Door,55029,57.6,482
WI,Douglas,55031,33.9,1304
WI,Dunn,55033,51.6,850
WI,Eau Claire,55035,154.8,638
WI,Florence,55037,9.1,488
WI,Fond du Lac,55039,141.2,720
WI,Forest,55041,9.2,1014
WI,Grant,55043,44.7,1147
WI,Green,55045,63.1,584
WI,Green Lake,55047,54.5,349
WI,Iowa,55049,31.1,763
WI,Iron,55051,7.8,758
WI,Jackson,55053,20.7,988
WI,Jefferson,55055,150.4,556
WI,Juneau,55057,34.8,767
WI,Kenosha,55059,611.9,272
WI,Kewaunee,55061,60.1,343
WI,La Crosse,55063,253.8,452
WI,Lafayette,55065,26.6,634
WI,Langlade,55067,22.9,871
WI,Lincoln,55069,32.7,879
WI,Manitowoc,55071,138.3,589
WI,Marathon,55073,86.8,1545
WI,Marinette,55075,29.8,1399
WI,Marquette,55077,33.8,456
WI,Menominee,55078,11.8,358
WI,Milwaukee,55079,3926,241
WI,Monroe,55081,49.6,901
WI,Oconto,55083,37.7,998
WI,Oneida,55085,32.3,1113
WI,Outagamie,55087,277.2,638
WI,Ozaukee,55089,370.7,233
WI,Pepin,55091,32.2,232
WI,Pierce,55093,71.5,574
WI,Polk,55095,48.4,914
WI,Portage,55097,87.4,801
WI,Price,55099,11.3,1254
WI,Racine,55101,587.7,333
WI,Richland,55103,30.7,586
WI,Rock,55105,223.3,718
WI,Rusk,55107,16.2,914
WI,St. Croix,55109,116.8,722
WI,Sauk,55111,74.6,831
WI,Sawyer,55113,13.2,1257
WI,Shawano,55115,47,893
WI,Sheboygan,55117,225.9,511
WI,Taylor,55119,21.2,975
WI,Trempealeau,55121,39.3,733
WI,Vernon,55123,37.6,792
WI,Vilas,55125,25,857
WI,Walworth,55127,184.2,555
WI,Washburn,55129,20,797
WI,Washington,55131,306.2,431
WI,Waukesha,55133,709.4,550
WI,Waupaca,55135,70.1,748
WI,Waushara,55137,39.1,626
WI,Winnebago,55139,384.3,434
WI,Wood,55141,94.2,793
WY,Albany,56001,8.5,4274
WY,Big Horn,56003,3.7,3137
WY,Campbell,56005,9.6,4803
WY,Carbon,56007,2,7898
WY,Converse,56009,3.3,4255
WY,Crook,56011,2.5,2854
WY,Fremont,56013,4.4,9184
WY,Goshen,56015,6,2225
WY,Hot Springs,56017,2.4,2004
WY,Johnson,56019,2.1,4154
WY,Laramie,56021,34.2,2686
WY,Lincoln,56023,4.4,4076
WY,Natrona,56025,14.1,5340
WY,Niobrara,56027,0.9,2626
WY,Park,56029,4.1,6942
WY,Platte,56031,4.2,2084
WY,Sheridan,56033,11.5,2524
WY,Sublette,56035,2.1,4887
WY,Sweetwater,56037,4.2,10427
WY,Teton,56039,5.3,3995
WY,Uinta,56041,10.1,2081
WY,Washakie,56043,3.8,2239
WY,Weston,56045,3,2398
PR,"Adjuntas Municipio, Puerto Rico",72001,292.1,67
PR,"Aguada Municipio, Puerto Rico",72003,1360.1,31
PR,"Aguadilla Municipio, Puerto Rico",72005,1668.5,37
PR,"Aguas Buenas Municipio, Puerto Rico",72007,952.6,30
PR,"Aibonito Municipio, Puerto Rico",72009,827.2,31
PR,"A√±asco Municipio, Puerto Rico",72011,744.8,39
PR,"Arecibo Municipio, Puerto Rico",72013,765.7,126
PR,"Arroyo Municipio, Puerto Rico",72015,1304.3,15
PR,"Barceloneta Municipio, Puerto Rico",72017,1327.6,19
PR,"Barranquitas Municipio, Puerto Rico",72019,885.1,34
PR,"Bayam√≥n Municipio, Puerto Rico",72021,4695.3,44
PR,"Cabo Rojo Municipio, Puerto Rico",72023,723.5,70
PR,"Caguas Municipio, Puerto Rico",72025,2438.6,59
PR,"Camuy Municipio, Puerto Rico",72027,758.5,46
PR,"Can√≥vanas Municipio, Puerto Rico",72029,1449.8,33
PR,"Carolina Municipio, Puerto Rico",72031,3900.2,45
PR,"Cata√±o Municipio, Puerto Rico",72033,5808,5
PR,"Cayey Municipio, Puerto Rico",72035,926.5,52
PR,"Ceiba Municipio, Puerto Rico",72037,469.5,29
PR,"Ciales Municipio, Puerto Rico",72039,282.3,67
PR,"Cidra Municipio, Puerto Rico",72041,1207.1,36
PR,"Coamo Municipio, Puerto Rico",72043,519.3,78
PR,"Comer√≠o Municipio, Puerto Rico",72045,731.6,28
PR,"Corozal Municipio, Puerto Rico",72047,872.4,43
PR,"Culebra Municipio, Puerto Rico",72049,156.4,12
PR,"Dorado Municipio, Puerto Rico",72051,1653,23
PR,"Fajardo Municipio, Puerto Rico",72053,1238.7,30
PR,"Florida Municipio, Puerto Rico",72054,833.7,15
PR,"Gu√°nica Municipio, Puerto Rico",72055,524.3,37
PR,"Guayama Municipio, Puerto Rico",72057,698,65
PR,"Guayanilla Municipio, Puerto Rico",72059,510.6,42
PR,"Guaynabo Municipio, Puerto Rico",72061,3550.7,28
PR,"Gurabo Municipio, Puerto Rico",72063,1626.9,28
PR,"Hatillo Municipio, Puerto Rico",72065,1004.1,42
PR,"Hormigueros Municipio, Puerto Rico",72067,1520.6,11
PR,"Humacao Municipio, Puerto Rico",72069,1306.4,45
PR,"Isabela Municipio, Puerto Rico",72071,825.1,55
PR,"Jayuya Municipio, Puerto Rico",72073,373.7,45
PR,"Juana D√≠az Municipio, Puerto Rico",72075,841.9,60
PR,"Juncos Municipio, Puerto Rico",72077,1521,26
PR,"Lajas Municipio, Puerto Rico",72079,429.6,60
PR,"Lares Municipio, Puerto Rico",72081,500.5,61
PR,"Las Mar√≠as Municipio, Puerto Rico",72083,213.1,46
PR,"Las Piedras Municipio, Puerto Rico",72085,1141.5,34
PR,"Lo√≠za Municipio, Puerto Rico",72087,1552.2,19
PR,"Luquillo Municipio, Puerto Rico",72089,777.5,26
PR,"Manat√≠ Municipio, Puerto Rico",72091,977.5,45
PR,"Maricao Municipio, Puerto Rico",72093,171.4,37
PR,"Maunabo Municipio, Puerto Rico",72095,580.3,21
PR,"Mayag√ºez Municipio, Puerto Rico",72097,1147.3,78
PR,"Moca Municipio, Puerto Rico",72099,796.7,50
PR,"Morovis Municipio, Puerto Rico",72101,838.9,39
PR,"Naguabo Municipio, Puerto Rico",72103,517.2,52
PR,"Naranjito Municipio, Puerto Rico",72105,1109.5,27
PR,"Orocovis Municipio, Puerto Rico",72107,368.2,64
PR,"Patillas Municipio, Puerto Rico",72109,412.8,47
PR,"Pe√±uelas Municipio, Puerto Rico",72111,544.2,45
PR,"Ponce Municipio, Puerto Rico",72113,1449.3,115
PR,"Quebradillas Municipio, Puerto Rico",72115,1142.7,23
PR,"Rinc√≥n Municipio, Puerto Rico",72117,1063.8,14
PR,"R√≠o Grande Municipio, Puerto Rico",72119,895.8,61
PR,"Sabana Grande Municipio, Puerto Rico",72121,705.1,36
PR,"Salinas Municipio, Puerto Rico",72123,448,69
PR,"San Germ√°n Municipio, Puerto Rico",72125,651.9,55
PR,"San Juan Municipio, Puerto Rico",72127,8262.3,48
PR,"San Lorenzo Municipio, Puerto Rico",72129,773.1,53
PR,"San Sebasti√°n Municipio, Puerto Rico",72131,602.5,70
PR,"Santa Isabel Municipio, Puerto Rico",72133,684.1,34
PR,"Toa Alta Municipio, Puerto Rico",72135,2741.6,27
PR,"Toa Baja Municipio, Puerto Rico",72137,3855.6,23
PR,"Trujillo Alto Municipio, Puerto Rico",72139,3604.4,21
PR,"Utuado Municipio, Puerto Rico",72141,292,114
PR,"Vega Alta Municipio, Puerto Rico",72143,1440.8,28
PR,"Vega Baja Municipio, Puerto Rico",72145,1301.1,46
PR,"Vieques Municipio, Puerto Rico",72147,183.2,51
PR,"Villalba Municipio, Puerto Rico",72149,731.6,36
PR,"Yabucoa Municipio, Puerto Rico",72151,687.2,55
PR,"Yauco Municipio, Puerto Rico",72153,616.5,68
